pretest,posttest,f_student_count,f_complex,f_class_mean
62.0,72.0,1,75.81456953642385,63.55555555555556
66.0,79.0,1,75.81456953642385,63.55555555555556
64.0,76.0,1,75.81456953642385,63.55555555555556
61.0,77.0,1,75.81456953642385,63.55555555555556
64.0,76.0,1,75.81456953642385,63.55555555555556
66.0,74.0,1,75.81456953642385,63.55555555555556
63.0,75.0,1,75.81456953642385,63.55555555555556
64.0,77.0,1,75.81456953642385,63.55555555555556
61.0,72.0,1,75.81456953642385,63.55555555555556
61.0,73.0,1,75.81456953642385,63.55555555555556
64.0,74.0,1,75.81456953642385,63.55555555555556
66.0,78.0,1,75.81456953642385,63.55555555555556
60.0,71.0,1,75.81456953642385,63.55555555555556
64.0,77.0,1,75.81456953642385,63.55555555555556
64.0,73.0,1,75.81456953642385,63.55555555555556
67.0,73.0,1,75.81456953642385,63.55555555555556
63.0,71.0,1,75.81456953642385,63.55555555555556
64.0,73.0,1,75.81456953642385,63.55555555555556
60.0,68.0,1,75.81456953642385,59.25
60.0,70.0,1,75.81456953642385,59.25
57.0,66.0,1,75.81456953642385,59.25
57.0,70.0,1,75.81456953642385,59.25
56.0,65.0,1,51.45,59.25
58.0,67.0,1,75.81456953642385,59.25
60.0,70.0,1,75.81456953642385,59.25
60.0,67.0,1,75.81456953642385,59.25
54.0,63.0,1,75.81456953642385,59.25
58.0,66.0,1,75.81456953642385,59.25
66.0,71.0,1,75.81456953642385,59.25
60.0,76.0,1,75.81456953642385,59.25
59.0,69.0,1,75.81456953642385,59.25
57.0,69.0,1,75.81456953642385,59.25
60.0,68.0,1,75.81456953642385,59.25
61.0,71.0,1,75.81456953642385,59.25
61.0,66.0,1,75.81456953642385,59.25
59.0,69.0,1,75.81456953642385,59.25
62.0,72.0,1,75.81456953642385,59.25
60.0,66.0,1,75.81456953642385,59.25
61.0,75.0,1,82.3015873015873,61.625
64.0,82.0,1,76.47058823529412,61.625
58.0,77.0,1,76.47058823529412,61.625
65.0,87.0,1,82.3015873015873,61.625
65.0,80.0,1,82.3015873015873,61.625
62.0,75.0,1,76.47058823529412,61.625
58.0,73.0,1,76.47058823529412,61.625
59.0,74.0,1,76.47058823529412,61.625
59.0,74.0,1,76.47058823529412,61.625
63.0,76.0,1,76.47058823529412,61.625
63.0,78.0,1,82.3015873015873,61.625
59.0,77.0,1,82.3015873015873,61.625
61.0,77.0,1,76.47058823529412,61.625
55.0,72.0,1,76.47058823529412,61.625
66.0,83.0,1,82.3015873015873,61.625
68.0,79.0,1,82.3015873015873,61.625
63.0,80.0,1,82.3015873015873,66.88888888888889
63.0,83.0,1,76.47058823529412,66.88888888888889
66.0,82.0,1,82.3015873015873,66.88888888888889
67.0,84.0,1,82.3015873015873,66.88888888888889
67.0,83.0,1,76.47058823529412,66.88888888888889
70.0,91.0,1,76.47058823529412,66.88888888888889
74.0,85.0,1,76.47058823529412,66.88888888888889
64.0,83.0,1,82.3015873015873,66.88888888888889
62.0,78.0,1,76.47058823529412,66.88888888888889
76.0,84.0,1,82.3015873015873,66.88888888888889
73.0,86.0,1,82.3015873015873,66.88888888888889
65.0,87.0,1,82.3015873015873,66.88888888888889
66.0,79.0,1,82.3015873015873,66.88888888888889
66.0,84.0,1,82.3015873015873,66.88888888888889
66.0,82.0,1,82.3015873015873,66.88888888888889
65.0,83.0,1,76.47058823529412,66.88888888888889
63.0,78.0,1,76.47058823529412,66.88888888888889
68.0,84.0,1,76.47058823529412,66.88888888888889
65.0,79.0,1,82.3015873015873,63.333333333333336
70.0,83.0,1,82.3015873015873,63.333333333333336
65.0,81.0,1,76.47058823529412,63.333333333333336
61.0,74.0,1,76.47058823529412,63.333333333333336
63.0,77.0,1,76.47058823529412,63.333333333333336
62.0,82.0,1,82.3015873015873,63.333333333333336
69.0,81.0,1,82.3015873015873,63.333333333333336
63.0,75.0,1,76.47058823529412,63.333333333333336
62.0,81.0,1,76.47058823529412,63.333333333333336
63.0,77.0,1,76.47058823529412,63.333333333333336
59.0,74.0,1,76.47058823529412,63.333333333333336
63.0,80.0,1,82.3015873015873,63.333333333333336
66.0,76.0,1,82.3015873015873,63.333333333333336
59.0,77.0,1,82.3015873015873,63.333333333333336
60.0,74.0,1,76.47058823529412,63.333333333333336
68.0,76.0,1,74.95454545454545,71.73684210526316
74.0,82.0,1,74.95454545454545,71.73684210526316
63.0,73.0,1,74.95454545454545,71.73684210526316
73.0,78.0,1,74.95454545454545,71.73684210526316
75.0,83.0,1,77.18181818181819,71.73684210526316
78.0,84.0,1,77.18181818181819,71.73684210526316
69.0,78.0,1,74.95454545454545,71.73684210526316
73.0,81.0,1,74.95454545454545,71.73684210526316
73.0,80.0,1,77.18181818181819,71.73684210526316
68.0,82.0,1,74.95454545454545,71.73684210526316
72.0,84.0,1,77.18181818181819,71.73684210526316
73.0,80.0,1,77.18181818181819,71.73684210526316
71.0,91.0,1,77.18181818181819,71.73684210526316
73.0,80.0,1,77.18181818181819,71.73684210526316
70.0,84.0,1,77.18181818181819,71.73684210526316
71.0,78.0,1,77.18181818181819,71.73684210526316
76.0,85.0,1,77.18181818181819,71.73684210526316
72.0,83.0,1,77.18181818181819,71.73684210526316
71.0,83.0,1,77.18181818181819,71.73684210526316
49.0,68.0,1,76.47058823529412,55.4
55.0,70.0,1,82.3015873015873,55.4
60.0,73.0,1,76.47058823529412,55.4
59.0,73.0,1,76.47058823529412,55.4
55.0,69.0,1,76.47058823529412,55.4
55.0,71.0,1,82.3015873015873,55.4
56.0,74.0,1,82.3015873015873,55.4
53.0,69.0,1,76.47058823529412,55.4
48.0,70.0,1,76.47058823529412,55.4
62.0,76.0,1,82.3015873015873,55.4
58.0,75.0,1,82.3015873015873,55.4
52.0,69.0,1,76.47058823529412,55.4
59.0,67.0,1,82.3015873015873,55.4
53.0,69.0,1,76.47058823529412,55.4
57.0,72.0,1,82.3015873015873,55.4
68.0,76.0,1,77.18181818181819,65.0
67.0,80.0,1,77.18181818181819,65.0
67.0,76.0,1,74.95454545454545,65.0
66.0,82.0,1,77.18181818181819,65.0
58.0,72.0,1,77.18181818181819,65.0
61.0,70.0,1,77.18181818181819,65.0
63.0,75.0,1,77.18181818181819,65.0
68.0,77.0,1,77.18181818181819,65.0
61.0,76.0,1,74.95454545454545,65.0
75.0,83.0,1,77.18181818181819,65.0
68.0,75.0,1,74.95454545454545,65.0
65.0,72.0,1,74.95454545454545,65.0
65.0,77.0,1,74.95454545454545,65.0
61.0,77.0,1,74.95454545454545,65.0
62.0,69.0,1,74.95454545454545,65.0
65.0,74.0,1,74.95454545454545,65.0
70.0,79.0,1,74.95454545454545,65.0
65.0,74.0,1,74.95454545454545,65.0
60.0,73.0,1,74.95454545454545,65.0
60.0,67.0,1,75.81456953642385,60.0
62.0,70.0,1,75.81456953642385,60.0
59.0,73.0,1,75.81456953642385,60.0
62.0,72.0,1,75.81456953642385,60.0
54.0,68.0,1,75.81456953642385,60.0
58.0,66.0,1,75.81456953642385,60.0
58.0,66.0,1,75.81456953642385,60.0
60.0,69.0,1,75.81456953642385,60.0
68.0,78.0,1,75.81456953642385,60.0
55.0,69.0,1,75.81456953642385,60.0
61.0,71.0,1,75.81456953642385,60.0
61.0,71.0,1,75.81456953642385,60.0
61.0,70.0,1,75.81456953642385,60.0
64.0,81.0,1,75.81456953642385,60.0
61.0,72.0,1,75.81456953642385,60.0
56.0,65.0,1,75.81456953642385,60.0
55.0,64.0,1,75.81456953642385,60.0
65.0,71.0,1,75.81456953642385,60.0
64.0,76.0,1,75.81456953642385,67.52631578947368
72.0,79.0,1,75.81456953642385,67.52631578947368
72.0,78.0,1,75.81456953642385,67.52631578947368
67.0,72.0,1,75.81456953642385,67.52631578947368
64.0,74.0,1,75.81456953642385,67.52631578947368
69.0,79.0,1,75.81456953642385,67.52631578947368
67.0,78.0,1,75.81456953642385,67.52631578947368
70.0,76.0,1,75.81456953642385,67.52631578947368
64.0,77.0,1,75.81456953642385,67.52631578947368
64.0,75.0,1,75.81456953642385,67.52631578947368
69.0,78.0,1,75.81456953642385,67.52631578947368
70.0,82.0,1,75.81456953642385,67.52631578947368
71.0,78.0,1,75.81456953642385,67.52631578947368
67.0,80.0,1,75.81456953642385,67.52631578947368
69.0,79.0,1,75.81456953642385,67.52631578947368
69.0,80.0,1,75.81456953642385,67.52631578947368
66.0,81.0,1,75.81456953642385,67.52631578947368
64.0,78.0,1,75.81456953642385,67.52631578947368
65.0,76.0,1,75.81456953642385,67.52631578947368
64.0,88.0,1,88.5576923076923,65.9375
64.0,80.0,1,88.5576923076923,65.9375
73.0,81.0,1,88.5576923076923,65.9375
66.0,83.0,1,88.5576923076923,65.9375
56.0,78.0,1,88.5576923076923,65.9375
67.0,87.0,1,88.5576923076923,65.9375
62.0,82.0,1,88.5576923076923,65.9375
68.0,82.0,1,88.5576923076923,65.9375
69.0,84.0,1,88.5576923076923,65.9375
68.0,85.0,1,88.5576923076923,65.9375
63.0,82.0,1,88.5576923076923,65.9375
72.0,83.0,1,88.5576923076923,65.9375
70.0,82.0,1,88.5576923076923,65.9375
68.0,87.0,1,88.5576923076923,65.9375
64.0,78.0,1,88.5576923076923,65.9375
61.0,77.0,1,88.5576923076923,65.9375
70.0,78.0,1,75.81456953642385,67.23529411764706
65.0,79.0,1,75.81456953642385,67.23529411764706
63.0,72.0,1,75.81456953642385,67.23529411764706
68.0,80.0,1,75.81456953642385,67.23529411764706
66.0,75.0,1,75.81456953642385,67.23529411764706
64.0,75.0,1,75.81456953642385,67.23529411764706
68.0,77.0,1,75.81456953642385,67.23529411764706
67.0,79.0,1,75.81456953642385,67.23529411764706
66.0,75.0,1,75.81456953642385,67.23529411764706
68.0,80.0,1,75.81456953642385,67.23529411764706
72.0,86.0,1,75.81456953642385,67.23529411764706
69.0,76.0,1,75.81456953642385,67.23529411764706
68.0,78.0,1,75.81456953642385,67.23529411764706
62.0,75.0,1,75.81456953642385,67.23529411764706
71.0,80.0,1,75.81456953642385,67.23529411764706
72.0,79.0,1,75.81456953642385,67.23529411764706
64.0,74.0,1,75.81456953642385,67.23529411764706
55.0,70.0,0,62.4,56.38461538461539
55.0,67.0,0,50.612,56.38461538461539
58.0,70.0,0,62.4,56.38461538461539
60.0,67.0,0,62.4,56.38461538461539
58.0,69.0,0,62.4,56.38461538461539
52.0,63.0,0,62.4,56.38461538461539
53.0,67.0,0,62.4,56.38461538461539
53.0,68.0,0,62.4,56.38461538461539
54.0,68.0,0,62.4,56.38461538461539
59.0,70.0,0,62.4,56.38461538461539
55.0,65.0,0,62.4,56.38461538461539
56.0,67.0,0,62.4,56.38461538461539
58.0,67.0,0,62.4,56.38461538461539
58.0,65.0,0,62.4,56.38461538461539
58.0,65.0,0,50.612,56.38461538461539
60.0,74.0,0,62.4,56.38461538461539
60.0,69.0,0,62.4,56.38461538461539
56.0,61.0,0,62.4,56.38461538461539
56.0,69.0,0,62.4,56.38461538461539
56.0,74.0,0,62.4,56.38461538461539
52.0,68.0,0,50.612,56.38461538461539
56.0,63.0,0,62.4,56.38461538461539
61.0,71.0,0,62.4,56.38461538461539
60.0,62.0,0,62.4,56.38461538461539
57.0,62.0,0,50.612,56.38461538461539
50.0,58.0,0,62.4,56.38461538461539
55.0,63.0,0,62.4,51.32
46.0,57.0,0,62.4,51.32
50.0,59.0,0,62.4,51.32
50.0,57.0,0,62.4,51.32
56.0,64.0,0,62.4,51.32
44.0,58.0,0,50.612,51.32
53.0,64.0,0,62.4,51.32
51.0,56.0,0,62.4,51.32
50.0,61.0,0,62.4,51.32
53.0,61.0,0,62.4,51.32
53.0,64.0,0,62.4,51.32
52.0,60.0,0,62.4,51.32
49.0,61.0,0,62.4,51.32
55.0,63.0,0,62.4,51.32
56.0,66.0,0,62.4,51.32
53.0,62.0,0,62.4,51.32
50.0,59.0,0,62.4,51.32
50.0,59.0,0,50.612,51.32
52.0,62.0,0,62.4,51.32
52.0,58.0,0,62.4,51.32
47.0,62.0,0,50.612,51.32
53.0,59.0,0,62.4,51.32
51.0,61.0,0,62.4,51.32
52.0,65.0,0,62.4,51.32
50.0,64.0,0,62.4,51.32
52.0,67.0,0,62.4,54.96296296296296
60.0,72.0,0,62.4,54.96296296296296
55.0,69.0,0,62.4,54.96296296296296
53.0,68.0,0,62.4,54.96296296296296
57.0,67.0,0,62.4,54.96296296296296
61.0,62.0,0,62.4,54.96296296296296
59.0,64.0,0,62.4,54.96296296296296
51.0,65.0,0,62.4,54.96296296296296
49.0,65.0,0,50.612,54.96296296296296
59.0,64.0,0,62.4,54.96296296296296
52.0,63.0,0,50.612,54.96296296296296
51.0,66.0,0,62.4,54.96296296296296
57.0,65.0,0,62.4,54.96296296296296
54.0,62.0,0,62.4,54.96296296296296
52.0,65.0,0,62.4,54.96296296296296
57.0,68.0,0,62.4,54.96296296296296
54.0,65.0,0,62.4,54.96296296296296
57.0,59.0,0,62.4,54.96296296296296
60.0,68.0,0,62.4,54.96296296296296
51.0,64.0,0,62.4,54.96296296296296
61.0,67.0,0,62.4,54.96296296296296
52.0,61.0,0,50.612,54.96296296296296
49.0,64.0,0,50.612,54.96296296296296
57.0,63.0,0,62.4,54.96296296296296
52.0,63.0,0,62.4,54.96296296296296
54.0,63.0,0,62.4,54.96296296296296
58.0,65.0,0,62.4,54.96296296296296
51.0,66.0,1,68.5,53.285714285714285
56.0,72.0,1,68.5,53.285714285714285
51.0,69.0,1,52.26548672566372,53.285714285714285
53.0,65.0,1,68.5,53.285714285714285
54.0,72.0,1,68.5,53.285714285714285
52.0,71.0,1,68.5,53.285714285714285
53.0,70.0,1,68.5,53.285714285714285
54.0,70.0,1,68.5,53.285714285714285
57.0,76.0,1,68.5,53.285714285714285
52.0,67.0,1,68.5,53.285714285714285
61.0,74.0,1,68.5,53.285714285714285
54.0,68.0,1,52.26548672566372,53.285714285714285
55.0,69.0,1,68.5,53.285714285714285
53.0,71.0,1,68.5,53.285714285714285
55.0,72.0,1,68.5,53.285714285714285
53.0,70.0,1,68.5,53.285714285714285
48.0,66.0,1,52.26548672566372,53.285714285714285
51.0,70.0,1,68.5,53.285714285714285
56.0,70.0,1,68.5,53.285714285714285
51.0,69.0,1,68.5,53.285714285714285
49.0,67.0,1,52.26548672566372,53.285714285714285
54.0,67.0,0,77.74226804123711,51.0
50.0,64.0,0,62.69491525423729,51.0
51.0,65.0,0,77.74226804123711,51.0
53.0,70.0,0,77.74226804123711,51.0
52.0,60.0,0,77.74226804123711,51.0
56.0,61.0,0,77.74226804123711,51.0
47.0,58.0,0,62.69491525423729,51.0
49.0,60.0,0,62.69491525423729,51.0
46.0,63.0,0,62.69491525423729,51.0
43.0,61.0,0,62.69491525423729,51.0
56.0,59.0,0,77.74226804123711,51.0
54.0,64.0,0,77.74226804123711,51.0
48.0,64.0,0,62.69491525423729,51.0
55.0,62.0,0,77.74226804123711,51.0
53.0,63.0,0,77.74226804123711,51.0
52.0,63.0,0,62.69491525423729,51.0
55.0,55.0,0,77.74226804123711,51.0
52.0,65.0,0,62.69491525423729,51.0
54.0,57.0,0,62.69491525423729,51.0
48.0,54.0,0,62.69491525423729,51.0
53.0,62.0,0,62.69491525423729,51.0
54.0,61.0,0,62.69491525423729,51.0
44.0,59.0,0,62.69491525423729,51.0
47.0,56.0,0,62.69491525423729,51.0
49.0,58.0,0,77.74226804123711,51.0
37.0,56.0,1,71.68627450980392,42.8421052631579
50.0,63.0,1,85.31623931623932,42.8421052631579
48.0,58.0,1,85.31623931623932,42.8421052631579
40.0,60.0,1,71.68627450980392,42.8421052631579
39.0,49.0,1,71.68627450980392,42.8421052631579
41.0,60.0,1,85.31623931623932,42.8421052631579
38.0,57.0,1,71.68627450980392,42.8421052631579
44.0,58.0,1,71.68627450980392,42.8421052631579
45.0,63.0,1,85.31623931623932,42.8421052631579
45.0,67.0,1,85.31623931623932,42.8421052631579
36.0,53.0,1,71.68627450980392,42.8421052631579
48.0,62.0,1,85.31623931623932,42.8421052631579
42.0,54.0,1,71.68627450980392,42.8421052631579
48.0,65.0,1,85.31623931623932,42.8421052631579
45.0,67.0,1,85.31623931623932,42.8421052631579
39.0,61.0,1,71.68627450980392,42.8421052631579
45.0,64.0,1,71.68627450980392,42.8421052631579
44.0,59.0,1,71.68627450980392,42.8421052631579
40.0,52.0,1,71.68627450980392,42.8421052631579
57.0,74.0,0,85.31623931623932,57.88461538461539
58.0,74.0,0,71.68627450980392,57.88461538461539
62.0,79.0,0,85.31623931623932,57.88461538461539
61.0,71.0,0,71.68627450980392,57.88461538461539
57.0,73.0,0,71.68627450980392,57.88461538461539
62.0,74.0,0,71.68627450980392,57.88461538461539
55.0,71.0,0,71.68627450980392,57.88461538461539
55.0,68.0,0,71.68627450980392,57.88461538461539
55.0,75.0,0,85.31623931623932,57.88461538461539
57.0,72.0,0,71.68627450980392,57.88461538461539
58.0,79.0,0,71.68627450980392,57.88461538461539
58.0,75.0,0,85.31623931623932,57.88461538461539
60.0,78.0,0,85.31623931623932,57.88461538461539
55.0,67.0,0,71.68627450980392,57.88461538461539
52.0,73.0,0,71.68627450980392,57.88461538461539
61.0,73.0,0,85.31623931623932,57.88461538461539
53.0,67.0,0,71.68627450980392,57.88461538461539
60.0,73.0,0,71.68627450980392,57.88461538461539
53.0,67.0,0,71.68627450980392,57.88461538461539
60.0,72.0,0,71.68627450980392,57.88461538461539
64.0,77.0,0,85.31623931623932,57.88461538461539
62.0,74.0,0,85.31623931623932,57.88461538461539
59.0,76.0,0,71.68627450980392,57.88461538461539
61.0,77.0,0,85.31623931623932,57.88461538461539
56.0,74.0,0,71.68627450980392,57.88461538461539
54.0,73.0,0,71.68627450980392,57.88461538461539
64.0,69.0,1,62.69491525423729,58.5625
63.0,74.0,1,77.74226804123711,58.5625
60.0,61.0,1,77.74226804123711,58.5625
58.0,69.0,1,62.69491525423729,58.5625
60.0,74.0,1,62.69491525423729,58.5625
57.0,66.0,1,62.69491525423729,58.5625
58.0,70.0,1,62.69491525423729,58.5625
58.0,68.0,1,62.69491525423729,58.5625
62.0,71.0,1,77.74226804123711,58.5625
53.0,68.0,1,62.69491525423729,58.5625
55.0,66.0,1,62.69491525423729,58.5625
60.0,72.0,1,77.74226804123711,58.5625
62.0,71.0,1,77.74226804123711,58.5625
55.0,64.0,1,62.69491525423729,58.5625
59.0,66.0,1,77.74226804123711,58.5625
53.0,70.0,1,62.69491525423729,58.5625
65.0,68.0,0,62.69491525423729,59.625
56.0,71.0,0,62.69491525423729,59.625
60.0,69.0,0,62.69491525423729,59.625
60.0,66.0,0,77.74226804123711,59.625
60.0,68.0,0,77.74226804123711,59.625
62.0,72.0,0,77.74226804123711,59.625
63.0,70.0,0,77.74226804123711,59.625
61.0,74.0,0,77.74226804123711,59.625
56.0,69.0,0,62.69491525423729,59.625
60.0,67.0,0,62.69491525423729,59.625
55.0,66.0,0,62.69491525423729,59.625
62.0,71.0,0,62.69491525423729,59.625
58.0,70.0,0,62.69491525423729,59.625
57.0,67.0,0,62.69491525423729,59.625
62.0,69.0,0,77.74226804123711,59.625
55.0,65.0,0,62.69491525423729,59.625
60.0,76.0,0,62.69491525423729,59.625
52.0,62.0,0,62.69491525423729,59.625
61.0,67.0,0,62.69491525423729,59.625
60.0,70.0,0,62.69491525423729,59.625
60.0,64.0,0,62.69491525423729,59.625
67.0,75.0,0,77.74226804123711,59.625
61.0,70.0,0,77.74226804123711,59.625
58.0,68.0,0,62.69491525423729,59.625
53.0,68.0,1,71.925,62.30769230769231
63.0,78.0,1,78.80555555555556,62.30769230769231
67.0,79.0,1,78.80555555555556,62.30769230769231
61.0,76.0,1,78.80555555555556,62.30769230769231
57.0,76.0,1,78.80555555555556,62.30769230769231
72.0,84.0,1,78.80555555555556,62.30769230769231
65.0,78.0,1,78.80555555555556,62.30769230769231
56.0,73.0,1,71.925,62.30769230769231
64.0,77.0,1,78.80555555555556,62.30769230769231
65.0,80.0,1,78.80555555555556,62.30769230769231
65.0,79.0,1,78.80555555555556,62.30769230769231
64.0,84.0,1,78.80555555555556,62.30769230769231
58.0,78.0,1,78.80555555555556,62.30769230769231
63.0,84.0,1,71.925,65.58823529411765
68.0,85.0,1,71.925,65.58823529411765
68.0,88.0,1,78.80555555555556,65.58823529411765
66.0,81.0,1,78.80555555555556,65.58823529411765
68.0,82.0,1,78.80555555555556,65.58823529411765
68.0,79.0,1,71.925,65.58823529411765
69.0,83.0,1,78.80555555555556,65.58823529411765
66.0,83.0,1,78.80555555555556,65.58823529411765
65.0,83.0,1,71.925,65.58823529411765
58.0,80.0,1,78.80555555555556,65.58823529411765
59.0,81.0,1,78.80555555555556,65.58823529411765
73.0,82.0,1,78.80555555555556,65.58823529411765
67.0,86.0,1,78.80555555555556,65.58823529411765
72.0,83.0,1,78.80555555555556,65.58823529411765
56.0,73.0,1,71.925,65.58823529411765
61.0,76.0,1,78.80555555555556,65.58823529411765
68.0,87.0,1,78.80555555555556,65.58823529411765
57.0,79.0,1,78.80555555555556,60.0
62.0,76.0,1,78.80555555555556,60.0
58.0,68.0,1,78.80555555555556,60.0
56.0,69.0,1,71.925,60.0
64.0,76.0,1,78.80555555555556,60.0
58.0,73.0,1,71.925,60.0
63.0,78.0,1,71.925,60.0
58.0,77.0,1,78.80555555555556,60.0
61.0,77.0,1,78.80555555555556,60.0
60.0,74.0,1,78.80555555555556,60.0
55.0,72.0,1,78.80555555555556,60.0
59.0,74.0,1,78.80555555555556,60.0
64.0,80.0,1,78.80555555555556,60.0
65.0,75.0,1,78.80555555555556,60.0
47.0,61.0,1,77.74226804123711,45.476190476190474
38.0,49.0,1,62.69491525423729,45.476190476190474
47.0,60.0,1,62.69491525423729,45.476190476190474
48.0,61.0,1,62.69491525423729,45.476190476190474
46.0,58.0,1,77.74226804123711,45.476190476190474
53.0,55.0,1,62.69491525423729,45.476190476190474
44.0,58.0,1,62.69491525423729,45.476190476190474
45.0,57.0,1,62.69491525423729,45.476190476190474
48.0,61.0,1,62.69491525423729,45.476190476190474
46.0,55.0,1,62.69491525423729,45.476190476190474
47.0,59.0,1,62.69491525423729,45.476190476190474
48.0,61.0,1,62.69491525423729,45.476190476190474
41.0,61.0,1,62.69491525423729,45.476190476190474
44.0,59.0,1,62.69491525423729,45.476190476190474
46.0,57.0,1,62.69491525423729,45.476190476190474
39.0,50.0,1,62.69491525423729,45.476190476190474
44.0,57.0,1,62.69491525423729,45.476190476190474
48.0,58.0,1,62.69491525423729,45.476190476190474
45.0,55.0,1,62.69491525423729,45.476190476190474
45.0,56.0,1,62.69491525423729,45.476190476190474
46.0,64.0,1,62.69491525423729,45.476190476190474
61.0,75.0,0,71.68627450980392,62.64
60.0,76.0,0,71.68627450980392,62.64
59.0,79.0,0,71.68627450980392,62.64
66.0,82.0,0,71.68627450980392,62.64
65.0,76.0,0,71.68627450980392,62.64
60.0,78.0,0,71.68627450980392,62.64
59.0,79.0,0,71.68627450980392,62.64
60.0,75.0,0,71.68627450980392,62.64
65.0,82.0,0,71.68627450980392,62.64
62.0,74.0,0,71.68627450980392,62.64
65.0,79.0,0,85.31623931623932,62.64
66.0,79.0,0,71.68627450980392,62.64
59.0,75.0,0,71.68627450980392,62.64
61.0,79.0,0,71.68627450980392,62.64
65.0,80.0,0,85.31623931623932,62.64
65.0,81.0,0,71.68627450980392,62.64
61.0,85.0,0,71.68627450980392,62.64
63.0,78.0,0,71.68627450980392,62.64
60.0,77.0,0,71.68627450980392,62.64
60.0,73.0,0,71.68627450980392,62.64
65.0,84.0,0,85.31623931623932,62.64
68.0,83.0,0,85.31623931623932,62.64
67.0,81.0,0,85.31623931623932,62.64
60.0,74.0,0,71.68627450980392,62.64
64.0,77.0,0,71.68627450980392,62.64
55.0,64.0,1,62.69491525423729,56.05263157894737
59.0,64.0,1,77.74226804123711,56.05263157894737
53.0,65.0,1,62.69491525423729,56.05263157894737
59.0,69.0,1,62.69491525423729,56.05263157894737
52.0,61.0,1,62.69491525423729,56.05263157894737
53.0,64.0,1,62.69491525423729,56.05263157894737
58.0,65.0,1,62.69491525423729,56.05263157894737
55.0,72.0,1,77.74226804123711,56.05263157894737
62.0,72.0,1,62.69491525423729,56.05263157894737
57.0,60.0,1,62.69491525423729,56.05263157894737
59.0,70.0,1,77.74226804123711,56.05263157894737
52.0,65.0,1,62.69491525423729,56.05263157894737
63.0,74.0,1,77.74226804123711,56.05263157894737
57.0,69.0,1,62.69491525423729,56.05263157894737
55.0,63.0,1,62.69491525423729,56.05263157894737
54.0,69.0,1,62.69491525423729,56.05263157894737
54.0,69.0,1,62.69491525423729,56.05263157894737
52.0,62.0,1,62.69491525423729,56.05263157894737
56.0,65.0,1,62.69491525423729,56.05263157894737
52.0,57.0,1,62.69491525423729,45.611111111111114
47.0,57.0,1,62.69491525423729,45.611111111111114
45.0,49.0,1,62.69491525423729,45.611111111111114
47.0,54.0,1,62.69491525423729,45.611111111111114
48.0,55.0,1,62.69491525423729,45.611111111111114
46.0,59.0,1,62.69491525423729,45.611111111111114
49.0,58.0,1,62.69491525423729,45.611111111111114
47.0,62.0,1,77.74226804123711,45.611111111111114
44.0,55.0,1,62.69491525423729,45.611111111111114
48.0,59.0,1,62.69491525423729,45.611111111111114
41.0,54.0,1,62.69491525423729,45.611111111111114
42.0,53.0,1,62.69491525423729,45.611111111111114
45.0,60.0,1,77.74226804123711,45.611111111111114
52.0,59.0,1,62.69491525423729,45.611111111111114
44.0,51.0,1,62.69491525423729,45.611111111111114
40.0,53.0,1,62.69491525423729,45.611111111111114
40.0,51.0,1,62.69491525423729,45.611111111111114
44.0,57.0,1,62.69491525423729,45.611111111111114
58.0,67.0,0,62.69491525423729,53.541666666666664
54.0,60.0,0,62.69491525423729,53.541666666666664
51.0,63.0,0,62.69491525423729,53.541666666666664
52.0,59.0,0,62.69491525423729,53.541666666666664
57.0,70.0,0,62.69491525423729,53.541666666666664
54.0,65.0,0,77.74226804123711,53.541666666666664
56.0,66.0,0,62.69491525423729,53.541666666666664
52.0,59.0,0,62.69491525423729,53.541666666666664
55.0,69.0,0,62.69491525423729,53.541666666666664
49.0,62.0,0,62.69491525423729,53.541666666666664
52.0,63.0,0,62.69491525423729,53.541666666666664
57.0,63.0,0,62.69491525423729,53.541666666666664
54.0,67.0,0,62.69491525423729,53.541666666666664
56.0,64.0,0,62.69491525423729,53.541666666666664
54.0,66.0,0,77.74226804123711,53.541666666666664
50.0,63.0,0,62.69491525423729,53.541666666666664
54.0,63.0,0,62.69491525423729,53.541666666666664
48.0,61.0,0,62.69491525423729,53.541666666666664
60.0,69.0,0,77.74226804123711,53.541666666666664
54.0,63.0,0,62.69491525423729,53.541666666666664
55.0,65.0,0,62.69491525423729,53.541666666666664
52.0,68.0,0,62.69491525423729,53.541666666666664
49.0,65.0,0,62.69491525423729,53.541666666666664
52.0,66.0,0,62.69491525423729,53.541666666666664
50.0,72.0,1,69.02564102564102,54.38095238095238
57.0,70.0,1,69.02564102564102,54.38095238095238
58.0,70.0,1,69.02564102564102,54.38095238095238
61.0,72.0,1,72.62666666666667,54.38095238095238
60.0,70.0,1,72.62666666666667,54.38095238095238
55.0,71.0,1,69.02564102564102,54.38095238095238
55.0,68.0,1,69.02564102564102,54.38095238095238
55.0,74.0,1,72.62666666666667,54.38095238095238
52.0,65.0,1,69.02564102564102,54.38095238095238
53.0,72.0,1,69.02564102564102,54.38095238095238
54.0,72.0,1,69.02564102564102,54.38095238095238
51.0,62.0,1,69.02564102564102,54.38095238095238
56.0,72.0,1,72.62666666666667,54.38095238095238
59.0,77.0,1,69.02564102564102,54.38095238095238
51.0,69.0,1,69.02564102564102,54.38095238095238
50.0,69.0,1,69.02564102564102,54.38095238095238
59.0,75.0,1,69.02564102564102,54.38095238095238
59.0,70.0,1,72.62666666666667,54.38095238095238
52.0,69.0,1,69.02564102564102,54.38095238095238
46.0,65.0,1,69.02564102564102,54.38095238095238
49.0,67.0,1,69.02564102564102,54.38095238095238
56.0,70.0,1,69.02564102564102,53.81818181818182
54.0,72.0,1,69.02564102564102,53.81818181818182
57.0,71.0,1,69.02564102564102,53.81818181818182
54.0,68.0,1,69.02564102564102,53.81818181818182
58.0,68.0,1,72.62666666666667,53.81818181818182
59.0,70.0,1,69.02564102564102,53.81818181818182
55.0,71.0,1,69.02564102564102,53.81818181818182
51.0,69.0,1,69.02564102564102,53.81818181818182
58.0,71.0,1,69.02564102564102,53.81818181818182
54.0,74.0,1,69.02564102564102,53.81818181818182
53.0,68.0,1,72.62666666666667,53.81818181818182
51.0,66.0,1,69.02564102564102,53.81818181818182
54.0,72.0,1,69.02564102564102,53.81818181818182
48.0,63.0,1,69.02564102564102,53.81818181818182
56.0,74.0,1,69.02564102564102,53.81818181818182
52.0,70.0,1,69.02564102564102,53.81818181818182
53.0,61.0,1,69.02564102564102,53.81818181818182
54.0,69.0,1,69.02564102564102,53.81818181818182
50.0,67.0,1,72.62666666666667,53.81818181818182
48.0,70.0,1,69.02564102564102,53.81818181818182
56.0,75.0,1,69.02564102564102,53.81818181818182
53.0,69.0,1,69.02564102564102,53.81818181818182
48.0,56.0,1,50.1328125,43.0
49.0,57.0,1,65.82758620689656,43.0
40.0,52.0,1,50.1328125,43.0
42.0,61.0,1,65.82758620689656,43.0
43.0,57.0,1,50.1328125,43.0
47.0,53.0,1,50.1328125,43.0
44.0,53.0,1,50.1328125,43.0
42.0,53.0,1,50.1328125,43.0
45.0,53.0,1,50.1328125,43.0
44.0,53.0,1,65.82758620689656,43.0
44.0,57.0,1,50.1328125,43.0
41.0,50.0,1,50.1328125,43.0
39.0,48.0,1,50.1328125,43.0
39.0,48.0,1,50.1328125,43.0
43.0,53.0,1,50.1328125,43.0
45.0,57.0,1,65.82758620689656,43.0
36.0,51.0,1,50.1328125,43.0
50.0,57.0,0,50.612,46.62068965517241
48.0,53.0,0,50.612,46.62068965517241
53.0,57.0,0,50.612,46.62068965517241
46.0,59.0,0,50.612,46.62068965517241
46.0,54.0,0,50.612,46.62068965517241
45.0,51.0,0,50.612,46.62068965517241
44.0,55.0,0,50.612,46.62068965517241
50.0,56.0,0,50.612,46.62068965517241
49.0,58.0,0,50.612,46.62068965517241
42.0,56.0,0,50.612,46.62068965517241
47.0,53.0,0,50.612,46.62068965517241
44.0,57.0,0,50.612,46.62068965517241
44.0,59.0,0,62.4,46.62068965517241
49.0,55.0,0,50.612,46.62068965517241
47.0,55.0,0,50.612,46.62068965517241
42.0,54.0,0,50.612,46.62068965517241
48.0,58.0,0,50.612,46.62068965517241
45.0,51.0,0,50.612,46.62068965517241
42.0,52.0,0,50.612,46.62068965517241
43.0,60.0,0,50.612,46.62068965517241
52.0,59.0,0,50.612,46.62068965517241
41.0,53.0,0,50.612,46.62068965517241
50.0,57.0,0,50.612,46.62068965517241
42.0,51.0,0,50.612,46.62068965517241
47.0,59.0,0,62.4,46.62068965517241
55.0,62.0,0,62.4,46.62068965517241
48.0,58.0,0,50.612,46.62068965517241
51.0,62.0,0,50.612,46.62068965517241
42.0,51.0,0,50.612,46.62068965517241
31.0,39.0,1,50.612,33.095238095238095
35.0,43.0,1,62.4,33.095238095238095
31.0,45.0,1,50.612,33.095238095238095
38.0,45.0,1,62.4,33.095238095238095
33.0,47.0,1,62.4,33.095238095238095
27.0,42.0,1,50.612,33.095238095238095
36.0,44.0,1,50.612,33.095238095238095
30.0,43.0,1,50.612,33.095238095238095
33.0,43.0,1,50.612,33.095238095238095
36.0,43.0,1,50.612,33.095238095238095
36.0,45.0,1,50.612,33.095238095238095
30.0,42.0,1,50.612,33.095238095238095
33.0,43.0,1,50.612,33.095238095238095
34.0,48.0,1,50.612,33.095238095238095
37.0,41.0,1,50.612,33.095238095238095
33.0,40.0,1,50.612,33.095238095238095
32.0,45.0,1,50.612,33.095238095238095
29.0,44.0,1,50.612,33.095238095238095
39.0,52.0,1,62.4,33.095238095238095
29.0,41.0,1,50.612,33.095238095238095
33.0,46.0,1,50.612,33.095238095238095
28.0,43.0,0,50.612,30.615384615384617
33.0,41.0,0,50.612,30.615384615384617
37.0,44.0,0,50.612,30.615384615384617
28.0,45.0,0,50.612,30.615384615384617
32.0,32.0,0,50.612,30.615384615384617
30.0,43.0,0,50.612,30.615384615384617
31.0,38.0,0,50.612,30.615384615384617
27.0,43.0,0,50.612,30.615384615384617
28.0,45.0,0,50.612,30.615384615384617
32.0,38.0,0,50.612,30.615384615384617
23.0,35.0,0,50.612,30.615384615384617
30.0,39.0,0,50.612,30.615384615384617
33.0,42.0,0,50.612,30.615384615384617
30.0,39.0,0,50.612,30.615384615384617
30.0,44.0,0,50.612,30.615384615384617
26.0,34.0,0,50.612,30.615384615384617
31.0,42.0,0,50.612,30.615384615384617
30.0,41.0,0,50.612,30.615384615384617
36.0,44.0,0,50.612,30.615384615384617
27.0,39.0,0,50.612,30.615384615384617
36.0,43.0,0,50.612,30.615384615384617
30.0,41.0,0,50.612,30.615384615384617
31.0,45.0,0,50.612,30.615384615384617
34.0,43.0,0,50.612,30.615384615384617
30.0,40.0,0,50.612,30.615384615384617
33.0,40.0,0,50.612,30.615384615384617
41.0,49.0,0,50.612,40.333333333333336
40.0,50.0,0,50.612,40.333333333333336
37.0,45.0,0,50.612,40.333333333333336
37.0,44.0,0,50.612,40.333333333333336
40.0,51.0,0,50.612,40.333333333333336
41.0,51.0,0,50.612,40.333333333333336
37.0,50.0,0,50.612,40.333333333333336
36.0,49.0,0,50.612,40.333333333333336
41.0,54.0,0,50.612,40.333333333333336
40.0,52.0,0,62.4,40.333333333333336
39.0,46.0,0,50.612,40.333333333333336
40.0,49.0,0,50.612,40.333333333333336
42.0,50.0,0,50.612,40.333333333333336
39.0,48.0,0,50.612,40.333333333333336
45.0,54.0,0,50.612,40.333333333333336
42.0,48.0,0,50.612,40.333333333333336
43.0,54.0,0,50.612,40.333333333333336
44.0,54.0,0,62.4,40.333333333333336
40.0,51.0,0,50.612,40.333333333333336
36.0,48.0,0,50.612,40.333333333333336
47.0,55.0,0,62.4,40.333333333333336
43.0,53.0,0,50.612,40.333333333333336
38.0,51.0,0,50.612,40.333333333333336
40.0,54.0,0,50.612,40.333333333333336
44.0,52.0,1,50.612,38.68181818181818
43.0,53.0,1,50.612,38.68181818181818
36.0,50.0,1,50.612,38.68181818181818
40.0,51.0,1,50.612,38.68181818181818
41.0,47.0,1,50.612,38.68181818181818
39.0,47.0,1,50.612,38.68181818181818
41.0,47.0,1,50.612,38.68181818181818
37.0,46.0,1,50.612,38.68181818181818
44.0,52.0,1,50.612,38.68181818181818
38.0,44.0,1,50.612,38.68181818181818
35.0,52.0,1,50.612,38.68181818181818
38.0,51.0,1,50.612,38.68181818181818
41.0,52.0,1,50.612,38.68181818181818
31.0,44.0,1,50.612,38.68181818181818
37.0,47.0,1,50.612,38.68181818181818
36.0,48.0,1,50.612,38.68181818181818
41.0,46.0,1,50.612,38.68181818181818
39.0,50.0,1,50.612,38.68181818181818
36.0,53.0,1,50.612,38.68181818181818
37.0,48.0,1,50.612,38.68181818181818
38.0,48.0,1,50.612,38.68181818181818
39.0,47.0,1,50.612,38.68181818181818
35.0,55.0,0,52.26548672566372,38.76
37.0,54.0,0,52.26548672566372,38.76
40.0,59.0,0,68.5,38.76
37.0,61.0,0,52.26548672566372,38.76
40.0,57.0,0,52.26548672566372,38.76
34.0,54.0,0,52.26548672566372,38.76
39.0,56.0,0,52.26548672566372,38.76
36.0,57.0,0,52.26548672566372,38.76
45.0,64.0,0,68.5,38.76
36.0,57.0,0,52.26548672566372,38.76
40.0,60.0,0,52.26548672566372,38.76
42.0,55.0,0,52.26548672566372,38.76
38.0,59.0,0,52.26548672566372,38.76
40.0,56.0,0,52.26548672566372,38.76
34.0,56.0,0,52.26548672566372,38.76
40.0,54.0,0,52.26548672566372,38.76
38.0,53.0,0,52.26548672566372,38.76
40.0,50.0,0,52.26548672566372,38.76
40.0,55.0,0,52.26548672566372,38.76
42.0,60.0,0,52.26548672566372,38.76
36.0,59.0,0,52.26548672566372,38.76
36.0,51.0,0,52.26548672566372,38.76
41.0,58.0,0,52.26548672566372,38.76
44.0,58.0,0,52.26548672566372,38.76
39.0,56.0,0,52.26548672566372,38.76
74.0,82.0,1,75.81456953642385,72.95454545454545
74.0,85.0,1,75.81456953642385,72.95454545454545
72.0,76.0,1,75.81456953642385,72.95454545454545
71.0,80.0,1,75.81456953642385,72.95454545454545
77.0,85.0,1,75.81456953642385,72.95454545454545
79.0,86.0,1,75.81456953642385,72.95454545454545
73.0,82.0,1,75.81456953642385,72.95454545454545
74.0,82.0,1,75.81456953642385,72.95454545454545
73.0,85.0,1,75.81456953642385,72.95454545454545
74.0,85.0,1,75.81456953642385,72.95454545454545
72.0,87.0,1,75.81456953642385,72.95454545454545
66.0,88.0,1,75.81456953642385,72.95454545454545
75.0,86.0,1,75.81456953642385,72.95454545454545
74.0,85.0,1,75.81456953642385,72.95454545454545
74.0,84.0,1,75.81456953642385,72.95454545454545
74.0,85.0,1,75.81456953642385,72.95454545454545
74.0,85.0,1,75.81456953642385,72.95454545454545
69.0,80.0,1,75.81456953642385,72.95454545454545
71.0,80.0,1,75.81456953642385,72.95454545454545
74.0,85.0,1,75.81456953642385,72.95454545454545
69.0,81.0,1,75.81456953642385,72.95454545454545
72.0,80.0,1,75.81456953642385,72.95454545454545
82.0,93.0,1,88.5576923076923,76.72222222222223
79.0,90.0,1,88.5576923076923,76.72222222222223
73.0,92.0,1,88.5576923076923,76.72222222222223
78.0,97.0,1,88.5576923076923,76.72222222222223
74.0,93.0,1,88.5576923076923,76.72222222222223
82.0,87.0,1,88.5576923076923,76.72222222222223
74.0,95.0,1,88.5576923076923,76.72222222222223
77.0,91.0,1,88.5576923076923,76.72222222222223
78.0,91.0,1,88.5576923076923,76.72222222222223
76.0,92.0,1,88.5576923076923,76.72222222222223
75.0,91.0,1,88.5576923076923,76.72222222222223
77.0,88.0,1,88.5576923076923,76.72222222222223
71.0,88.0,1,88.5576923076923,76.72222222222223
80.0,95.0,1,88.5576923076923,76.72222222222223
73.0,89.0,1,88.5576923076923,76.72222222222223
78.0,95.0,1,88.5576923076923,76.72222222222223
76.0,90.0,1,88.5576923076923,76.72222222222223
78.0,96.0,1,88.5576923076923,76.72222222222223
78.0,88.0,1,75.81456953642385,73.86666666666666
75.0,88.0,1,75.81456953642385,73.86666666666666
76.0,79.0,1,75.81456953642385,73.86666666666666
75.0,84.0,1,75.81456953642385,73.86666666666666
70.0,87.0,1,75.81456953642385,73.86666666666666
70.0,86.0,1,75.81456953642385,73.86666666666666
71.0,83.0,1,75.81456953642385,73.86666666666666
73.0,82.0,1,75.81456953642385,73.86666666666666
73.0,80.0,1,75.81456953642385,73.86666666666666
78.0,81.0,1,75.81456953642385,73.86666666666666
77.0,83.0,1,75.81456953642385,73.86666666666666
75.0,86.0,1,75.81456953642385,73.86666666666666
77.0,87.0,1,75.81456953642385,73.86666666666666
71.0,79.0,1,75.81456953642385,73.86666666666666
69.0,79.0,1,75.81456953642385,73.86666666666666
85.0,98.0,1,88.5576923076923,84.64285714285714
83.0,96.0,1,88.5576923076923,84.64285714285714
86.0,100.0,1,88.5576923076923,84.64285714285714
83.0,100.0,1,88.5576923076923,84.64285714285714
89.0,98.0,1,88.5576923076923,84.64285714285714
80.0,95.0,1,88.5576923076923,84.64285714285714
83.0,100.0,1,88.5576923076923,84.64285714285714
93.0,100.0,1,88.5576923076923,84.64285714285714
83.0,100.0,1,88.5576923076923,84.64285714285714
86.0,98.0,1,88.5576923076923,84.64285714285714
88.0,100.0,1,88.5576923076923,84.64285714285714
84.0,96.0,1,88.5576923076923,84.64285714285714
81.0,95.0,1,88.5576923076923,84.64285714285714
81.0,100.0,1,88.5576923076923,84.64285714285714
64.0,75.0,1,75.81456953642385,68.29411764705883
71.0,81.0,1,75.81456953642385,68.29411764705883
64.0,81.0,1,75.81456953642385,68.29411764705883
66.0,82.0,1,75.81456953642385,68.29411764705883
72.0,79.0,1,75.81456953642385,68.29411764705883
71.0,75.0,1,75.81456953642385,68.29411764705883
67.0,81.0,1,75.81456953642385,68.29411764705883
66.0,76.0,1,75.81456953642385,68.29411764705883
68.0,79.0,1,75.81456953642385,68.29411764705883
73.0,81.0,1,75.81456953642385,68.29411764705883
68.0,80.0,1,75.81456953642385,68.29411764705883
71.0,81.0,1,75.81456953642385,68.29411764705883
68.0,76.0,1,75.81456953642385,68.29411764705883
63.0,77.0,1,75.81456953642385,68.29411764705883
70.0,86.0,1,75.81456953642385,68.29411764705883
68.0,77.0,1,75.81456953642385,68.29411764705883
71.0,74.0,1,75.81456953642385,68.29411764705883
39.0,59.0,0,56.68181818181818,42.23076923076923
39.0,53.0,0,56.68181818181818,42.23076923076923
39.0,59.0,0,56.68181818181818,42.23076923076923
42.0,55.0,0,56.68181818181818,42.23076923076923
39.0,57.0,0,56.68181818181818,42.23076923076923
43.0,57.0,0,56.68181818181818,42.23076923076923
37.0,52.0,0,56.68181818181818,42.23076923076923
45.0,67.0,0,88.5576923076923,42.23076923076923
45.0,61.0,0,88.5576923076923,42.23076923076923
38.0,57.0,0,56.68181818181818,42.23076923076923
40.0,58.0,0,56.68181818181818,42.23076923076923
41.0,55.0,0,56.68181818181818,42.23076923076923
47.0,62.0,0,88.5576923076923,42.23076923076923
49.0,62.0,0,56.68181818181818,42.23076923076923
44.0,57.0,0,56.68181818181818,42.23076923076923
42.0,56.0,0,56.68181818181818,42.23076923076923
42.0,50.0,0,56.68181818181818,42.23076923076923
43.0,56.0,0,56.68181818181818,42.23076923076923
43.0,55.0,0,56.68181818181818,42.23076923076923
43.0,56.0,0,56.68181818181818,42.23076923076923
37.0,57.0,0,56.68181818181818,42.23076923076923
51.0,67.0,0,88.5576923076923,42.23076923076923
45.0,58.0,0,56.68181818181818,42.23076923076923
43.0,62.0,0,56.68181818181818,42.23076923076923
43.0,61.0,0,56.68181818181818,42.23076923076923
39.0,55.0,0,56.68181818181818,42.23076923076923
44.0,56.0,0,75.81456953642385,41.52
40.0,56.0,0,51.45,41.52
38.0,49.0,0,51.45,41.52
41.0,47.0,0,51.45,41.52
42.0,51.0,0,51.45,41.52
43.0,56.0,0,51.45,41.52
39.0,55.0,0,51.45,41.52
41.0,54.0,0,75.81456953642385,41.52
39.0,54.0,0,51.45,41.52
42.0,56.0,0,51.45,41.52
47.0,54.0,0,75.81456953642385,41.52
48.0,52.0,0,75.81456953642385,41.52
41.0,47.0,0,51.45,41.52
37.0,49.0,0,51.45,41.52
42.0,49.0,0,51.45,41.52
42.0,51.0,0,75.81456953642385,41.52
38.0,48.0,0,51.45,41.52
45.0,50.0,0,51.45,41.52
42.0,54.0,0,51.45,41.52
44.0,52.0,0,75.81456953642385,41.52
39.0,48.0,0,51.45,41.52
42.0,53.0,0,51.45,41.52
44.0,44.0,0,51.45,41.52
39.0,51.0,0,51.45,41.52
39.0,47.0,0,51.45,41.52
48.0,58.0,1,50.1328125,48.2
48.0,60.0,1,50.1328125,48.2
52.0,59.0,1,50.1328125,48.2
48.0,55.0,1,50.1328125,48.2
45.0,59.0,1,50.1328125,48.2
43.0,62.0,1,50.1328125,48.2
51.0,62.0,1,50.1328125,48.2
49.0,62.0,1,50.1328125,48.2
45.0,56.0,1,50.1328125,48.2
51.0,61.0,1,50.1328125,48.2
49.0,55.0,1,50.1328125,48.2
48.0,54.0,1,50.1328125,48.2
45.0,54.0,1,50.1328125,48.2
48.0,53.0,1,50.1328125,48.2
50.0,55.0,1,50.1328125,48.2
46.0,57.0,1,50.1328125,48.2
50.0,59.0,1,50.1328125,48.2
48.0,54.0,1,50.1328125,48.2
53.0,62.0,1,50.1328125,48.2
47.0,56.0,1,50.1328125,48.2
32.0,40.0,1,50.1328125,29.85
30.0,43.0,1,50.1328125,29.85
30.0,42.0,1,50.1328125,29.85
29.0,42.0,1,50.1328125,29.85
30.0,36.0,1,50.1328125,29.85
34.0,41.0,1,50.1328125,29.85
28.0,37.0,1,50.1328125,29.85
29.0,39.0,1,50.1328125,29.85
29.0,41.0,1,50.1328125,29.85
29.0,40.0,1,50.1328125,29.85
29.0,40.0,1,50.1328125,29.85
32.0,39.0,1,50.1328125,29.85
29.0,43.0,1,50.1328125,29.85
27.0,41.0,1,50.1328125,29.85
34.0,40.0,1,50.1328125,29.85
27.0,43.0,1,50.1328125,29.85
31.0,37.0,1,50.1328125,29.85
26.0,38.0,1,50.1328125,29.85
32.0,43.0,1,50.1328125,29.85
30.0,42.0,1,50.1328125,29.85
33.0,42.0,0,50.1328125,33.26086956521739
34.0,44.0,0,50.1328125,33.26086956521739
29.0,43.0,0,50.1328125,33.26086956521739
31.0,42.0,0,50.1328125,33.26086956521739
33.0,39.0,0,50.1328125,33.26086956521739
33.0,44.0,0,50.1328125,33.26086956521739
33.0,45.0,0,50.1328125,33.26086956521739
38.0,44.0,0,50.1328125,33.26086956521739
36.0,46.0,0,50.1328125,33.26086956521739
36.0,43.0,0,50.1328125,33.26086956521739
33.0,43.0,0,50.1328125,33.26086956521739
37.0,43.0,0,50.1328125,33.26086956521739
34.0,45.0,0,50.1328125,33.26086956521739
29.0,39.0,0,50.1328125,33.26086956521739
33.0,42.0,0,50.1328125,33.26086956521739
32.0,45.0,0,50.1328125,33.26086956521739
34.0,47.0,0,50.1328125,33.26086956521739
34.0,45.0,0,50.1328125,33.26086956521739
33.0,45.0,0,50.1328125,33.26086956521739
32.0,44.0,0,50.1328125,33.26086956521739
36.0,49.0,0,50.1328125,33.26086956521739
30.0,43.0,0,50.1328125,33.26086956521739
32.0,45.0,0,50.1328125,33.26086956521739
48.0,54.0,1,50.1328125,44.411764705882355
40.0,49.0,1,50.1328125,44.411764705882355
42.0,56.0,1,50.1328125,44.411764705882355
45.0,55.0,1,50.1328125,44.411764705882355
47.0,59.0,1,50.1328125,44.411764705882355
44.0,55.0,1,50.1328125,44.411764705882355
46.0,50.0,1,50.1328125,44.411764705882355
45.0,54.0,1,50.1328125,44.411764705882355
45.0,52.0,1,50.1328125,44.411764705882355
47.0,54.0,1,50.1328125,44.411764705882355
50.0,60.0,1,50.1328125,44.411764705882355
42.0,50.0,1,50.1328125,44.411764705882355
42.0,57.0,1,50.1328125,44.411764705882355
37.0,52.0,1,50.1328125,44.411764705882355
45.0,56.0,1,50.1328125,44.411764705882355
43.0,59.0,1,50.1328125,44.411764705882355
47.0,62.0,1,50.1328125,44.411764705882355
28.0,40.0,1,50.1328125,32.2
39.0,47.0,1,50.1328125,32.2
34.0,49.0,1,50.1328125,32.2
35.0,46.0,1,50.1328125,32.2
31.0,46.0,1,50.1328125,32.2
29.0,44.0,1,50.1328125,32.2
32.0,46.0,1,50.1328125,32.2
32.0,38.0,1,50.1328125,32.2
31.0,45.0,1,50.1328125,32.2
33.0,46.0,1,50.1328125,32.2
32.0,41.0,1,50.1328125,32.2
35.0,45.0,1,50.1328125,32.2
31.0,42.0,1,50.1328125,32.2
36.0,40.0,1,50.1328125,32.2
26.0,37.0,1,50.1328125,32.2
30.0,44.0,1,50.1328125,32.2
34.0,41.0,1,50.1328125,32.2
29.0,43.0,1,50.1328125,32.2
31.0,47.0,1,50.1328125,32.2
36.0,45.0,1,50.1328125,32.2
65.0,76.0,1,65.82758620689656,61.7
66.0,69.0,1,65.82758620689656,61.7
58.0,70.0,1,65.82758620689656,61.7
67.0,79.0,1,65.82758620689656,61.7
60.0,70.0,1,65.82758620689656,61.7
59.0,69.0,1,65.82758620689656,61.7
58.0,71.0,1,65.82758620689656,61.7
62.0,74.0,1,65.82758620689656,61.7
60.0,68.0,1,65.82758620689656,61.7
59.0,70.0,1,65.82758620689656,61.7
63.0,70.0,1,65.82758620689656,61.7
57.0,67.0,1,65.82758620689656,61.7
58.0,70.0,1,65.82758620689656,61.7
58.0,71.0,1,65.82758620689656,61.7
65.0,71.0,1,65.82758620689656,61.7
67.0,74.0,1,65.82758620689656,61.7
66.0,72.0,1,65.82758620689656,61.7
63.0,72.0,1,65.82758620689656,61.7
59.0,73.0,1,65.82758620689656,61.7
64.0,73.0,1,65.82758620689656,61.7
62.0,71.0,1,65.82758620689656,60.111111111111114
53.0,71.0,1,65.82758620689656,60.111111111111114
56.0,71.0,1,65.82758620689656,60.111111111111114
66.0,72.0,1,65.82758620689656,60.111111111111114
65.0,72.0,1,65.82758620689656,60.111111111111114
60.0,75.0,1,65.82758620689656,60.111111111111114
59.0,67.0,1,65.82758620689656,60.111111111111114
60.0,70.0,1,65.82758620689656,60.111111111111114
63.0,72.0,1,65.82758620689656,60.111111111111114
62.0,73.0,1,65.82758620689656,60.111111111111114
66.0,71.0,1,65.82758620689656,60.111111111111114
56.0,63.0,1,65.82758620689656,60.111111111111114
60.0,71.0,1,65.82758620689656,60.111111111111114
59.0,69.0,1,65.82758620689656,60.111111111111114
54.0,65.0,1,65.82758620689656,60.111111111111114
61.0,70.0,1,65.82758620689656,60.111111111111114
60.0,66.0,1,65.82758620689656,60.111111111111114
60.0,70.0,1,65.82758620689656,60.111111111111114
65.0,82.0,1,72.62666666666667,64.23529411764706
66.0,82.0,1,72.62666666666667,64.23529411764706
67.0,83.0,1,72.62666666666667,64.23529411764706
68.0,84.0,1,72.62666666666667,64.23529411764706
63.0,74.0,1,72.62666666666667,64.23529411764706
63.0,80.0,1,72.62666666666667,64.23529411764706
56.0,72.0,1,72.62666666666667,64.23529411764706
60.0,78.0,1,72.62666666666667,64.23529411764706
63.0,81.0,1,72.62666666666667,64.23529411764706
65.0,80.0,1,72.62666666666667,64.23529411764706
68.0,80.0,1,72.62666666666667,64.23529411764706
64.0,79.0,1,72.62666666666667,64.23529411764706
65.0,79.0,1,72.62666666666667,64.23529411764706
67.0,83.0,1,72.62666666666667,64.23529411764706
62.0,80.0,1,72.62666666666667,64.23529411764706
63.0,83.0,1,72.62666666666667,64.23529411764706
67.0,78.0,1,72.62666666666667,64.23529411764706
56.0,71.0,1,69.02564102564102,61.4375
62.0,77.0,1,72.62666666666667,61.4375
63.0,77.0,1,72.62666666666667,61.4375
58.0,79.0,1,72.62666666666667,61.4375
61.0,78.0,1,72.62666666666667,61.4375
65.0,78.0,1,72.62666666666667,61.4375
58.0,72.0,1,69.02564102564102,61.4375
61.0,80.0,1,72.62666666666667,61.4375
67.0,84.0,1,72.62666666666667,61.4375
58.0,78.0,1,72.62666666666667,61.4375
62.0,78.0,1,72.62666666666667,61.4375
65.0,78.0,1,72.62666666666667,61.4375
63.0,81.0,1,72.62666666666667,61.4375
62.0,77.0,1,72.62666666666667,61.4375
62.0,82.0,1,72.62666666666667,61.4375
60.0,81.0,1,72.62666666666667,61.4375
50.0,60.0,1,65.82758620689656,48.05
47.0,62.0,1,65.82758620689656,48.05
48.0,58.0,1,65.82758620689656,48.05
50.0,59.0,1,65.82758620689656,48.05
48.0,58.0,1,65.82758620689656,48.05
48.0,60.0,1,65.82758620689656,48.05
44.0,56.0,1,65.82758620689656,48.05
51.0,60.0,1,65.82758620689656,48.05
53.0,62.0,1,65.82758620689656,48.05
47.0,55.0,1,65.82758620689656,48.05
46.0,50.0,1,65.82758620689656,48.05
50.0,53.0,1,50.1328125,48.05
53.0,59.0,1,65.82758620689656,48.05
47.0,58.0,1,65.82758620689656,48.05
45.0,57.0,1,65.82758620689656,48.05
49.0,60.0,1,65.82758620689656,48.05
45.0,56.0,1,65.82758620689656,48.05
47.0,58.0,1,65.82758620689656,48.05
49.0,68.0,1,65.82758620689656,48.05
44.0,54.0,1,65.82758620689656,48.05
60.0,70.0,1,65.82758620689656,59.833333333333336
55.0,68.0,1,65.82758620689656,59.833333333333336
59.0,68.0,1,65.82758620689656,59.833333333333336
60.0,71.0,1,65.82758620689656,59.833333333333336
64.0,76.0,1,65.82758620689656,59.833333333333336
62.0,74.0,1,65.82758620689656,59.833333333333336
63.0,71.0,1,65.82758620689656,59.833333333333336
60.0,66.0,1,65.82758620689656,59.833333333333336
58.0,68.0,1,65.82758620689656,59.833333333333336
61.0,72.0,1,65.82758620689656,59.833333333333336
62.0,73.0,1,65.82758620689656,59.833333333333336
59.0,72.0,1,65.82758620689656,59.833333333333336
57.0,73.0,1,50.1328125,59.833333333333336
66.0,72.0,1,50.1328125,59.833333333333336
61.0,71.0,1,65.82758620689656,59.833333333333336
55.0,68.0,1,50.1328125,59.833333333333336
57.0,68.0,1,65.82758620689656,59.833333333333336
58.0,68.0,1,65.82758620689656,59.833333333333336
59.0,66.0,0,65.82758620689656,57.391304347826086
62.0,69.0,0,65.82758620689656,57.391304347826086
53.0,62.0,0,50.1328125,57.391304347826086
52.0,70.0,0,65.82758620689656,57.391304347826086
63.0,73.0,0,65.82758620689656,57.391304347826086
55.0,62.0,0,50.1328125,57.391304347826086
56.0,67.0,0,65.82758620689656,57.391304347826086
57.0,67.0,0,65.82758620689656,57.391304347826086
54.0,63.0,0,50.1328125,57.391304347826086
59.0,62.0,0,65.82758620689656,57.391304347826086
59.0,71.0,0,65.82758620689656,57.391304347826086
55.0,66.0,0,50.1328125,57.391304347826086
53.0,68.0,0,65.82758620689656,57.391304347826086
57.0,67.0,0,65.82758620689656,57.391304347826086
61.0,67.0,0,65.82758620689656,57.391304347826086
57.0,69.0,0,65.82758620689656,57.391304347826086
60.0,65.0,0,65.82758620689656,57.391304347826086
58.0,74.0,0,65.82758620689656,57.391304347826086
59.0,68.0,0,65.82758620689656,57.391304347826086
58.0,66.0,0,65.82758620689656,57.391304347826086
59.0,68.0,0,65.82758620689656,57.391304347826086
58.0,74.0,0,65.82758620689656,57.391304347826086
56.0,62.0,0,65.82758620689656,57.391304347826086
44.0,57.0,0,68.5,44.107142857142854
43.0,61.0,0,68.5,44.107142857142854
45.0,57.0,0,68.5,44.107142857142854
44.0,58.0,0,68.5,44.107142857142854
47.0,64.0,0,68.5,44.107142857142854
42.0,66.0,0,52.26548672566372,44.107142857142854
46.0,68.0,0,68.5,44.107142857142854
39.0,60.0,0,68.5,44.107142857142854
39.0,61.0,0,68.5,44.107142857142854
42.0,56.0,0,52.26548672566372,44.107142857142854
40.0,60.0,0,68.5,44.107142857142854
43.0,59.0,0,68.5,44.107142857142854
44.0,60.0,0,68.5,44.107142857142854
45.0,60.0,0,68.5,44.107142857142854
48.0,60.0,0,68.5,44.107142857142854
43.0,59.0,0,68.5,44.107142857142854
43.0,59.0,0,68.5,44.107142857142854
43.0,63.0,0,68.5,44.107142857142854
50.0,63.0,0,68.5,44.107142857142854
39.0,61.0,0,68.5,44.107142857142854
47.0,63.0,0,68.5,44.107142857142854
49.0,68.0,0,68.5,44.107142857142854
41.0,59.0,0,68.5,44.107142857142854
47.0,57.0,0,52.26548672566372,44.107142857142854
47.0,61.0,0,68.5,44.107142857142854
44.0,59.0,0,68.5,44.107142857142854
46.0,59.0,0,68.5,44.107142857142854
45.0,64.0,0,68.5,44.107142857142854
50.0,61.0,1,62.4,49.75
54.0,60.0,1,62.4,49.75
50.0,61.0,1,62.4,49.75
46.0,60.0,1,62.4,49.75
51.0,63.0,1,62.4,49.75
49.0,59.0,1,62.4,49.75
51.0,54.0,1,62.4,49.75
46.0,54.0,1,62.4,49.75
48.0,61.0,1,62.4,49.75
54.0,64.0,1,62.4,49.75
51.0,59.0,1,62.4,49.75
53.0,57.0,1,62.4,49.75
51.0,58.0,1,62.4,49.75
50.0,61.0,1,62.4,49.75
49.0,56.0,1,62.4,49.75
53.0,61.0,1,62.4,49.75
49.0,55.0,1,62.4,49.75
49.0,56.0,1,62.4,49.75
45.0,58.0,1,62.4,49.75
46.0,58.0,1,62.4,49.75
53.0,58.0,1,62.4,50.26315789473684
49.0,58.0,1,62.4,50.26315789473684
55.0,61.0,1,62.4,50.26315789473684
53.0,63.0,1,62.4,50.26315789473684
47.0,55.0,1,62.4,50.26315789473684
50.0,61.0,1,62.4,50.26315789473684
50.0,61.0,1,62.4,50.26315789473684
50.0,61.0,1,62.4,50.26315789473684
49.0,56.0,1,62.4,50.26315789473684
52.0,60.0,1,62.4,50.26315789473684
49.0,60.0,1,62.4,50.26315789473684
46.0,57.0,1,62.4,50.26315789473684
50.0,62.0,1,62.4,50.26315789473684
52.0,61.0,1,62.4,50.26315789473684
48.0,66.0,1,62.4,50.26315789473684
47.0,51.0,1,62.4,50.26315789473684
54.0,64.0,1,62.4,50.26315789473684
52.0,60.0,1,62.4,50.26315789473684
49.0,60.0,1,62.4,50.26315789473684
59.0,66.0,1,62.4,53.45454545454545
51.0,58.0,1,62.4,53.45454545454545
55.0,64.0,1,62.4,53.45454545454545
48.0,62.0,1,50.612,53.45454545454545
56.0,69.0,1,62.4,53.45454545454545
54.0,65.0,1,62.4,53.45454545454545
53.0,63.0,1,62.4,53.45454545454545
55.0,64.0,1,62.4,53.45454545454545
55.0,69.0,1,62.4,53.45454545454545
60.0,65.0,1,62.4,53.45454545454545
51.0,62.0,1,62.4,53.45454545454545
53.0,62.0,1,62.4,53.45454545454545
51.0,62.0,1,62.4,53.45454545454545
54.0,62.0,1,62.4,53.45454545454545
52.0,57.0,1,50.612,53.45454545454545
54.0,64.0,1,62.4,53.45454545454545
54.0,62.0,1,62.4,53.45454545454545
50.0,56.0,1,62.4,53.45454545454545
52.0,59.0,1,62.4,53.45454545454545
54.0,62.0,1,62.4,53.45454545454545
53.0,61.0,1,62.4,53.45454545454545
52.0,65.0,1,62.4,53.45454545454545
63.0,71.0,0,68.5,61.791666666666664
62.0,78.0,0,52.26548672566372,61.791666666666664
63.0,76.0,0,68.5,61.791666666666664
62.0,80.0,0,68.5,61.791666666666664
63.0,76.0,0,68.5,61.791666666666664
60.0,75.0,0,68.5,61.791666666666664
59.0,85.0,0,68.5,61.791666666666664
57.0,78.0,0,68.5,61.791666666666664
65.0,78.0,0,68.5,61.791666666666664
57.0,81.0,0,68.5,61.791666666666664
58.0,78.0,0,68.5,61.791666666666664
58.0,77.0,0,68.5,61.791666666666664
59.0,76.0,0,68.5,61.791666666666664
63.0,76.0,0,68.5,61.791666666666664
67.0,79.0,0,68.5,61.791666666666664
65.0,78.0,0,68.5,61.791666666666664
63.0,79.0,0,68.5,61.791666666666664
65.0,79.0,0,68.5,61.791666666666664
57.0,73.0,0,52.26548672566372,61.791666666666664
63.0,74.0,0,68.5,61.791666666666664
65.0,76.0,0,68.5,61.791666666666664
61.0,79.0,0,68.5,61.791666666666664
66.0,81.0,0,68.5,61.791666666666664
62.0,81.0,0,68.5,61.791666666666664
59.0,73.0,1,62.4,58.142857142857146
57.0,68.0,1,62.4,58.142857142857146
61.0,63.0,1,62.4,58.142857142857146
54.0,65.0,1,62.4,58.142857142857146
59.0,70.0,1,62.4,58.142857142857146
57.0,66.0,1,62.4,58.142857142857146
57.0,64.0,1,50.612,58.142857142857146
56.0,69.0,1,62.4,58.142857142857146
53.0,67.0,1,62.4,58.142857142857146
59.0,69.0,1,62.4,58.142857142857146
60.0,74.0,1,62.4,58.142857142857146
61.0,71.0,1,62.4,58.142857142857146
58.0,70.0,1,62.4,58.142857142857146
56.0,69.0,1,62.4,58.142857142857146
56.0,66.0,1,50.612,58.142857142857146
63.0,73.0,1,62.4,58.142857142857146
58.0,70.0,1,62.4,58.142857142857146
56.0,68.0,1,62.4,58.142857142857146
59.0,68.0,1,62.4,58.142857142857146
63.0,68.0,1,62.4,58.142857142857146
59.0,71.0,1,62.4,58.142857142857146
61.0,70.0,1,77.74226804123711,58.89473684210526
64.0,68.0,1,77.74226804123711,58.89473684210526
60.0,67.0,1,77.74226804123711,58.89473684210526
56.0,73.0,1,77.74226804123711,58.89473684210526
53.0,67.0,1,77.74226804123711,58.89473684210526
63.0,69.0,1,77.74226804123711,58.89473684210526
55.0,69.0,1,77.74226804123711,58.89473684210526
60.0,71.0,1,77.74226804123711,58.89473684210526
59.0,65.0,1,77.74226804123711,58.89473684210526
58.0,68.0,1,77.74226804123711,58.89473684210526
55.0,65.0,1,77.74226804123711,58.89473684210526
50.0,65.0,1,77.74226804123711,58.89473684210526
59.0,69.0,1,77.74226804123711,58.89473684210526
56.0,66.0,1,77.74226804123711,58.89473684210526
63.0,75.0,1,77.74226804123711,58.89473684210526
59.0,70.0,1,77.74226804123711,58.89473684210526
64.0,70.0,1,77.74226804123711,58.89473684210526
64.0,69.0,1,77.74226804123711,58.89473684210526
60.0,70.0,1,77.74226804123711,58.89473684210526
67.0,81.0,1,77.74226804123711,64.54545454545455
62.0,68.0,1,77.74226804123711,64.54545454545455
68.0,78.0,1,77.74226804123711,64.54545454545455
58.0,70.0,1,62.69491525423729,64.54545454545455
61.0,73.0,1,77.74226804123711,64.54545454545455
58.0,74.0,1,77.74226804123711,64.54545454545455
61.0,79.0,1,77.74226804123711,64.54545454545455
67.0,73.0,1,77.74226804123711,64.54545454545455
66.0,76.0,1,77.74226804123711,64.54545454545455
66.0,72.0,1,77.74226804123711,64.54545454545455
70.0,83.0,1,77.74226804123711,64.54545454545455
62.0,74.0,1,77.74226804123711,64.54545454545455
62.0,72.0,1,77.74226804123711,64.54545454545455
65.0,77.0,1,77.74226804123711,64.54545454545455
66.0,75.0,1,77.74226804123711,64.54545454545455
64.0,73.0,1,77.74226804123711,64.54545454545455
65.0,72.0,1,77.74226804123711,64.54545454545455
69.0,79.0,1,77.74226804123711,64.54545454545455
62.0,68.0,1,77.74226804123711,64.54545454545455
68.0,74.0,1,77.74226804123711,64.54545454545455
63.0,71.0,1,77.74226804123711,64.54545454545455
70.0,75.0,1,77.74226804123711,64.54545454545455
54.0,68.0,1,77.74226804123711,58.26315789473684
62.0,69.0,1,77.74226804123711,58.26315789473684
58.0,67.0,1,77.74226804123711,58.26315789473684
60.0,68.0,1,77.74226804123711,58.26315789473684
63.0,72.0,1,77.74226804123711,58.26315789473684
56.0,69.0,1,77.74226804123711,58.26315789473684
57.0,66.0,1,77.74226804123711,58.26315789473684
56.0,69.0,1,77.74226804123711,58.26315789473684
56.0,67.0,1,77.74226804123711,58.26315789473684
60.0,69.0,1,77.74226804123711,58.26315789473684
65.0,72.0,1,77.74226804123711,58.26315789473684
62.0,67.0,1,77.74226804123711,58.26315789473684
63.0,71.0,1,77.74226804123711,58.26315789473684
57.0,68.0,1,77.74226804123711,58.26315789473684
52.0,66.0,1,77.74226804123711,58.26315789473684
57.0,67.0,1,77.74226804123711,58.26315789473684
58.0,67.0,1,77.74226804123711,58.26315789473684
60.0,66.0,1,77.74226804123711,58.26315789473684
51.0,62.0,1,62.69491525423729,58.26315789473684
73.0,79.0,1,77.74226804123711,67.8
67.0,77.0,1,77.74226804123711,67.8
68.0,79.0,1,77.74226804123711,67.8
70.0,78.0,1,77.74226804123711,67.8
68.0,77.0,1,77.74226804123711,67.8
66.0,71.0,1,77.74226804123711,67.8
65.0,81.0,1,77.74226804123711,67.8
70.0,77.0,1,77.74226804123711,67.8
67.0,79.0,1,77.74226804123711,67.8
64.0,71.0,1,77.74226804123711,67.8
64.0,77.0,1,77.74226804123711,67.8
67.0,75.0,1,77.74226804123711,67.8
65.0,73.0,1,77.74226804123711,67.8
67.0,75.0,1,77.74226804123711,67.8
68.0,76.0,1,77.74226804123711,67.8
69.0,79.0,1,77.74226804123711,67.8
71.0,79.0,1,77.74226804123711,67.8
71.0,81.0,1,77.74226804123711,67.8
68.0,77.0,1,77.74226804123711,67.8
68.0,78.0,1,77.74226804123711,67.8
84.0,95.0,1,77.74226804123711,83.85
83.0,93.0,1,77.74226804123711,83.85
84.0,91.0,1,77.74226804123711,83.85
87.0,94.0,1,77.74226804123711,83.85
80.0,94.0,1,77.74226804123711,83.85
76.0,93.0,1,77.74226804123711,83.85
91.0,98.0,1,77.74226804123711,83.85
82.0,94.0,1,77.74226804123711,83.85
83.0,91.0,1,77.74226804123711,83.85
82.0,94.0,1,77.74226804123711,83.85
85.0,94.0,1,77.74226804123711,83.85
84.0,94.0,1,77.74226804123711,83.85
84.0,99.0,1,77.74226804123711,83.85
86.0,96.0,1,77.74226804123711,83.85
81.0,91.0,1,77.74226804123711,83.85
87.0,91.0,1,77.74226804123711,83.85
83.0,98.0,1,77.74226804123711,83.85
89.0,94.0,1,77.74226804123711,83.85
79.0,89.0,1,77.74226804123711,83.85
87.0,93.0,1,77.74226804123711,83.85
81.0,94.0,0,77.74226804123711,83.79166666666667
87.0,97.0,0,77.74226804123711,83.79166666666667
82.0,93.0,0,77.74226804123711,83.79166666666667
84.0,93.0,0,77.74226804123711,83.79166666666667
82.0,93.0,0,77.74226804123711,83.79166666666667
86.0,94.0,0,77.74226804123711,83.79166666666667
83.0,90.0,0,77.74226804123711,83.79166666666667
85.0,88.0,0,77.74226804123711,83.79166666666667
85.0,97.0,0,77.74226804123711,83.79166666666667
86.0,93.0,0,77.74226804123711,83.79166666666667
83.0,94.0,0,77.74226804123711,83.79166666666667
86.0,95.0,0,77.74226804123711,83.79166666666667
81.0,94.0,0,77.74226804123711,83.79166666666667
80.0,92.0,0,77.74226804123711,83.79166666666667
84.0,92.0,0,77.74226804123711,83.79166666666667
83.0,93.0,0,77.74226804123711,83.79166666666667
82.0,91.0,0,77.74226804123711,83.79166666666667
87.0,92.0,0,77.74226804123711,83.79166666666667
86.0,93.0,0,77.74226804123711,83.79166666666667
81.0,92.0,0,77.74226804123711,83.79166666666667
84.0,94.0,0,77.74226804123711,83.79166666666667
86.0,96.0,0,77.74226804123711,83.79166666666667
82.0,95.0,0,77.74226804123711,83.79166666666667
85.0,91.0,0,77.74226804123711,83.79166666666667
77.0,89.0,1,85.31623931623932,76.375
76.0,96.0,1,85.31623931623932,76.375
77.0,90.0,1,85.31623931623932,76.375
74.0,95.0,1,85.31623931623932,76.375
81.0,89.0,1,85.31623931623932,76.375
75.0,92.0,1,85.31623931623932,76.375
76.0,93.0,1,85.31623931623932,76.375
79.0,91.0,1,85.31623931623932,76.375
79.0,92.0,1,85.31623931623932,76.375
68.0,88.0,1,85.31623931623932,76.375
76.0,93.0,1,85.31623931623932,76.375
79.0,93.0,1,85.31623931623932,76.375
75.0,88.0,1,85.31623931623932,76.375
76.0,90.0,1,85.31623931623932,76.375
79.0,93.0,1,85.31623931623932,76.375
75.0,90.0,1,85.31623931623932,76.375
74.0,86.0,1,85.31623931623932,74.6470588235294
76.0,95.0,1,85.31623931623932,74.6470588235294
72.0,88.0,1,85.31623931623932,74.6470588235294
78.0,96.0,1,85.31623931623932,74.6470588235294
74.0,95.0,1,85.31623931623932,74.6470588235294
75.0,90.0,1,85.31623931623932,74.6470588235294
75.0,90.0,1,85.31623931623932,74.6470588235294
71.0,85.0,1,85.31623931623932,74.6470588235294
78.0,89.0,1,85.31623931623932,74.6470588235294
75.0,90.0,1,85.31623931623932,74.6470588235294
75.0,85.0,1,85.31623931623932,74.6470588235294
76.0,90.0,1,85.31623931623932,74.6470588235294
81.0,85.0,1,85.31623931623932,74.6470588235294
74.0,91.0,1,85.31623931623932,74.6470588235294
67.0,88.0,1,85.31623931623932,74.6470588235294
73.0,91.0,1,85.31623931623932,74.6470588235294
75.0,93.0,1,85.31623931623932,74.6470588235294
75.0,91.0,1,85.31623931623932,72.27272727272727
70.0,84.0,1,85.31623931623932,72.27272727272727
74.0,90.0,1,85.31623931623932,72.27272727272727
73.0,91.0,1,85.31623931623932,72.27272727272727
71.0,92.0,1,85.31623931623932,72.27272727272727
70.0,86.0,1,85.31623931623932,72.27272727272727
76.0,95.0,1,85.31623931623932,72.27272727272727
74.0,90.0,1,85.31623931623932,72.27272727272727
71.0,85.0,1,85.31623931623932,72.27272727272727
73.0,92.0,1,85.31623931623932,72.27272727272727
71.0,90.0,1,85.31623931623932,72.27272727272727
74.0,93.0,1,85.31623931623932,72.27272727272727
71.0,89.0,1,85.31623931623932,72.27272727272727
74.0,88.0,1,85.31623931623932,72.27272727272727
72.0,82.0,1,85.31623931623932,72.27272727272727
70.0,90.0,1,85.31623931623932,72.27272727272727
69.0,90.0,1,85.31623931623932,72.27272727272727
72.0,90.0,1,85.31623931623932,72.27272727272727
75.0,91.0,1,85.31623931623932,72.27272727272727
72.0,86.0,1,85.31623931623932,72.27272727272727
71.0,91.0,1,85.31623931623932,72.27272727272727
72.0,96.0,1,85.31623931623932,72.27272727272727
81.0,90.0,1,77.74226804123711,78.89473684210526
83.0,88.0,1,77.74226804123711,78.89473684210526
78.0,82.0,1,77.74226804123711,78.89473684210526
82.0,87.0,1,77.74226804123711,78.89473684210526
77.0,88.0,1,77.74226804123711,78.89473684210526
75.0,86.0,1,77.74226804123711,78.89473684210526
80.0,95.0,1,77.74226804123711,78.89473684210526
77.0,90.0,1,77.74226804123711,78.89473684210526
77.0,82.0,1,77.74226804123711,78.89473684210526
79.0,87.0,1,77.74226804123711,78.89473684210526
81.0,93.0,1,77.74226804123711,78.89473684210526
82.0,89.0,1,77.74226804123711,78.89473684210526
77.0,88.0,1,77.74226804123711,78.89473684210526
79.0,89.0,1,77.74226804123711,78.89473684210526
80.0,87.0,1,77.74226804123711,78.89473684210526
78.0,92.0,1,77.74226804123711,78.89473684210526
77.0,84.0,1,77.74226804123711,78.89473684210526
78.0,89.0,1,77.74226804123711,78.89473684210526
78.0,87.0,1,77.74226804123711,78.89473684210526
62.0,75.0,1,77.18181818181819,60.25
55.0,69.0,1,77.18181818181819,60.25
62.0,70.0,1,77.18181818181819,60.25
56.0,67.0,1,74.95454545454545,60.25
59.0,70.0,1,77.18181818181819,60.25
60.0,72.0,1,77.18181818181819,60.25
65.0,75.0,1,77.18181818181819,60.25
67.0,76.0,1,77.18181818181819,60.25
59.0,72.0,1,77.18181818181819,60.25
57.0,62.0,1,74.95454545454545,60.25
60.0,72.0,1,77.18181818181819,60.25
61.0,78.0,1,77.18181818181819,60.25
55.0,71.0,1,77.18181818181819,60.25
62.0,74.0,1,77.18181818181819,60.25
62.0,73.0,1,77.18181818181819,60.25
62.0,71.0,1,77.18181818181819,60.25
68.0,82.0,1,82.3015873015873,68.94117647058823
64.0,82.0,1,76.47058823529412,68.94117647058823
65.0,82.0,1,82.3015873015873,68.94117647058823
69.0,81.0,1,82.3015873015873,68.94117647058823
72.0,88.0,1,82.3015873015873,68.94117647058823
63.0,81.0,1,82.3015873015873,68.94117647058823
70.0,84.0,1,82.3015873015873,68.94117647058823
67.0,87.0,1,82.3015873015873,68.94117647058823
68.0,83.0,1,82.3015873015873,68.94117647058823
78.0,87.0,1,82.3015873015873,68.94117647058823
75.0,87.0,1,82.3015873015873,68.94117647058823
72.0,81.0,1,82.3015873015873,68.94117647058823
68.0,86.0,1,82.3015873015873,68.94117647058823
67.0,79.0,1,82.3015873015873,68.94117647058823
69.0,89.0,1,82.3015873015873,68.94117647058823
67.0,85.0,1,82.3015873015873,68.94117647058823
70.0,85.0,1,82.3015873015873,68.94117647058823
72.0,90.0,1,82.3015873015873,71.6875
72.0,87.0,1,82.3015873015873,71.6875
69.0,87.0,1,82.3015873015873,71.6875
73.0,89.0,1,82.3015873015873,71.6875
72.0,85.0,1,82.3015873015873,71.6875
70.0,91.0,1,82.3015873015873,71.6875
77.0,85.0,1,82.3015873015873,71.6875
71.0,81.0,1,82.3015873015873,71.6875
71.0,90.0,1,82.3015873015873,71.6875
72.0,89.0,1,82.3015873015873,71.6875
71.0,88.0,1,82.3015873015873,71.6875
75.0,86.0,1,82.3015873015873,71.6875
71.0,83.0,1,82.3015873015873,71.6875
72.0,84.0,1,82.3015873015873,71.6875
72.0,85.0,1,82.3015873015873,71.6875
67.0,85.0,1,82.3015873015873,71.6875
67.0,80.0,1,77.18181818181819,68.5
72.0,79.0,1,77.18181818181819,68.5
71.0,76.0,1,77.18181818181819,68.5
72.0,78.0,1,77.18181818181819,68.5
66.0,75.0,1,74.95454545454545,68.5
68.0,79.0,1,77.18181818181819,68.5
65.0,78.0,1,77.18181818181819,68.5
70.0,79.0,1,77.18181818181819,68.5
71.0,82.0,1,77.18181818181819,68.5
64.0,77.0,1,77.18181818181819,68.5
70.0,78.0,1,77.18181818181819,68.5
71.0,80.0,1,77.18181818181819,68.5
70.0,79.0,1,77.18181818181819,68.5
68.0,73.0,1,77.18181818181819,68.5
69.0,71.0,1,77.18181818181819,68.5
72.0,79.0,1,77.18181818181819,68.5
68.0,74.0,1,77.18181818181819,68.5
66.0,77.0,1,77.18181818181819,68.5
69.0,75.0,1,77.18181818181819,68.5
61.0,73.0,1,74.95454545454545,68.5
68.0,72.0,1,77.18181818181819,66.78571428571429
70.0,79.0,1,77.18181818181819,66.78571428571429
67.0,76.0,1,77.18181818181819,66.78571428571429
66.0,80.0,1,77.18181818181819,66.78571428571429
70.0,75.0,1,77.18181818181819,66.78571428571429
64.0,80.0,1,77.18181818181819,66.78571428571429
65.0,78.0,1,77.18181818181819,66.78571428571429
67.0,78.0,1,77.18181818181819,66.78571428571429
63.0,76.0,1,77.18181818181819,66.78571428571429
73.0,78.0,1,77.18181818181819,66.78571428571429
67.0,73.0,1,77.18181818181819,66.78571428571429
69.0,75.0,1,77.18181818181819,66.78571428571429
64.0,79.0,1,77.18181818181819,66.78571428571429
62.0,73.0,1,77.18181818181819,66.78571428571429
59.0,72.0,1,71.925,54.529411764705884
52.0,68.0,1,71.925,54.529411764705884
55.0,68.0,1,71.925,54.529411764705884
53.0,69.0,1,71.925,54.529411764705884
51.0,65.0,1,71.925,54.529411764705884
52.0,73.0,1,71.925,54.529411764705884
55.0,75.0,1,71.925,54.529411764705884
59.0,76.0,1,78.80555555555556,54.529411764705884
56.0,73.0,1,71.925,54.529411764705884
49.0,70.0,1,71.925,54.529411764705884
54.0,67.0,1,71.925,54.529411764705884
53.0,72.0,1,71.925,54.529411764705884
57.0,73.0,1,71.925,54.529411764705884
56.0,74.0,1,71.925,54.529411764705884
54.0,72.0,1,71.925,54.529411764705884
57.0,73.0,1,71.925,54.529411764705884
55.0,72.0,1,71.925,54.529411764705884
47.0,60.0,1,57.25,48.8
51.0,58.0,1,57.25,48.8
53.0,56.0,1,57.25,48.8
46.0,56.0,1,57.25,48.8
55.0,65.0,1,62.0,48.8
47.0,58.0,1,57.25,48.8
53.0,60.0,1,57.25,48.8
44.0,52.0,1,57.25,48.8
46.0,58.0,1,62.0,48.8
49.0,62.0,1,57.25,48.8
45.0,54.0,1,57.25,48.8
47.0,56.0,1,57.25,48.8
53.0,58.0,1,57.25,48.8
45.0,57.0,1,57.25,48.8
51.0,63.0,1,62.0,48.8
59.0,70.0,1,71.925,53.6
56.0,70.0,1,71.925,53.6
58.0,77.0,1,71.925,53.6
54.0,74.0,1,71.925,53.6
51.0,67.0,1,71.925,53.6
53.0,66.0,1,71.925,53.6
50.0,69.0,1,71.925,53.6
54.0,70.0,1,71.925,53.6
55.0,73.0,1,71.925,53.6
55.0,72.0,1,78.80555555555556,53.6
51.0,69.0,1,71.925,53.6
56.0,71.0,1,71.925,53.6
53.0,68.0,1,71.925,53.6
53.0,68.0,1,71.925,53.6
46.0,64.0,1,71.925,53.6
43.0,50.0,1,65.82758620689656,43.5
44.0,56.0,1,65.82758620689656,43.5
43.0,55.0,1,65.82758620689656,43.5
38.0,51.0,1,65.82758620689656,43.5
47.0,51.0,1,65.82758620689656,43.5
45.0,56.0,1,65.82758620689656,43.5
45.0,53.0,1,65.82758620689656,43.5
50.0,54.0,1,65.82758620689656,43.5
39.0,51.0,1,65.82758620689656,43.5
44.0,55.0,1,65.82758620689656,43.5
36.0,48.0,1,50.1328125,43.5
43.0,58.0,1,65.82758620689656,43.5
48.0,63.0,1,65.82758620689656,43.5
43.0,56.0,1,65.82758620689656,43.5
46.0,58.0,1,65.82758620689656,43.5
42.0,55.0,1,65.82758620689656,43.5
40.0,51.0,1,65.82758620689656,43.5
47.0,58.0,1,65.82758620689656,43.5
60.0,69.0,1,50.1328125,63.35
63.0,73.0,1,50.1328125,63.35
58.0,74.0,1,65.82758620689656,63.35
65.0,78.0,1,65.82758620689656,63.35
63.0,76.0,1,65.82758620689656,63.35
64.0,73.0,1,65.82758620689656,63.35
65.0,79.0,1,65.82758620689656,63.35
63.0,71.0,1,50.1328125,63.35
60.0,73.0,1,65.82758620689656,63.35
59.0,73.0,1,50.1328125,63.35
65.0,77.0,1,65.82758620689656,63.35
67.0,77.0,1,65.82758620689656,63.35
66.0,78.0,1,65.82758620689656,63.35
59.0,71.0,1,65.82758620689656,63.35
65.0,75.0,1,65.82758620689656,63.35
65.0,76.0,1,65.82758620689656,63.35
63.0,76.0,1,65.82758620689656,63.35
69.0,77.0,1,65.82758620689656,63.35
65.0,79.0,1,65.82758620689656,63.35
63.0,75.0,1,65.82758620689656,63.35
68.0,79.0,1,72.62666666666667,61.05882352941177
61.0,72.0,1,72.62666666666667,61.05882352941177
60.0,79.0,1,72.62666666666667,61.05882352941177
62.0,75.0,1,72.62666666666667,61.05882352941177
63.0,80.0,1,72.62666666666667,61.05882352941177
63.0,78.0,1,72.62666666666667,61.05882352941177
67.0,82.0,1,72.62666666666667,61.05882352941177
55.0,73.0,1,72.62666666666667,61.05882352941177
58.0,76.0,1,72.62666666666667,61.05882352941177
61.0,80.0,1,72.62666666666667,61.05882352941177
53.0,79.0,1,72.62666666666667,61.05882352941177
58.0,75.0,1,72.62666666666667,61.05882352941177
66.0,80.0,1,72.62666666666667,61.05882352941177
61.0,73.0,1,72.62666666666667,61.05882352941177
62.0,77.0,1,72.62666666666667,61.05882352941177
64.0,77.0,1,72.62666666666667,61.05882352941177
56.0,73.0,1,72.62666666666667,61.05882352941177
55.0,62.0,1,65.82758620689656,49.526315789473685
48.0,61.0,1,65.82758620689656,49.526315789473685
48.0,62.0,1,65.82758620689656,49.526315789473685
48.0,64.0,1,65.82758620689656,49.526315789473685
48.0,51.0,1,50.1328125,49.526315789473685
49.0,56.0,1,65.82758620689656,49.526315789473685
49.0,58.0,1,65.82758620689656,49.526315789473685
53.0,61.0,1,65.82758620689656,49.526315789473685
50.0,60.0,1,65.82758620689656,49.526315789473685
48.0,60.0,1,65.82758620689656,49.526315789473685
49.0,60.0,1,65.82758620689656,49.526315789473685
46.0,59.0,1,65.82758620689656,49.526315789473685
43.0,56.0,1,50.1328125,49.526315789473685
54.0,62.0,1,65.82758620689656,49.526315789473685
50.0,64.0,1,65.82758620689656,49.526315789473685
52.0,58.0,1,65.82758620689656,49.526315789473685
50.0,59.0,1,65.82758620689656,49.526315789473685
51.0,64.0,1,65.82758620689656,49.526315789473685
50.0,55.0,1,65.82758620689656,49.526315789473685
40.0,55.0,1,72.62666666666667,42.42857142857143
43.0,55.0,1,69.02564102564102,42.42857142857143
42.0,58.0,1,72.62666666666667,42.42857142857143
43.0,58.0,1,72.62666666666667,42.42857142857143
42.0,60.0,1,72.62666666666667,42.42857142857143
43.0,61.0,1,72.62666666666667,42.42857142857143
45.0,60.0,1,72.62666666666667,42.42857142857143
43.0,59.0,1,72.62666666666667,42.42857142857143
43.0,56.0,1,72.62666666666667,42.42857142857143
41.0,56.0,1,69.02564102564102,42.42857142857143
43.0,59.0,1,72.62666666666667,42.42857142857143
44.0,57.0,1,72.62666666666667,42.42857142857143
43.0,63.0,1,72.62666666666667,42.42857142857143
44.0,59.0,1,72.62666666666667,42.42857142857143
41.0,57.0,1,72.62666666666667,42.42857142857143
39.0,58.0,1,72.62666666666667,42.42857142857143
44.0,60.0,1,72.62666666666667,42.42857142857143
38.0,52.0,1,72.62666666666667,42.42857142857143
42.0,61.0,1,72.62666666666667,42.42857142857143
42.0,62.0,1,72.62666666666667,42.42857142857143
46.0,57.0,1,72.62666666666667,42.42857142857143
39.0,49.0,0,50.612,41.642857142857146
48.0,54.0,0,50.612,41.642857142857146
40.0,47.0,0,50.612,41.642857142857146
46.0,55.0,0,50.612,41.642857142857146
39.0,44.0,0,50.612,41.642857142857146
39.0,51.0,0,50.612,41.642857142857146
38.0,51.0,0,50.612,41.642857142857146
43.0,54.0,0,50.612,41.642857142857146
38.0,52.0,0,50.612,41.642857142857146
38.0,49.0,0,50.612,41.642857142857146
42.0,48.0,0,50.612,41.642857142857146
43.0,53.0,0,50.612,41.642857142857146
45.0,48.0,0,50.612,41.642857142857146
41.0,48.0,0,50.612,41.642857142857146
40.0,50.0,0,50.612,41.642857142857146
43.0,53.0,0,50.612,41.642857142857146
43.0,51.0,0,50.612,41.642857142857146
42.0,49.0,0,50.612,41.642857142857146
41.0,51.0,0,50.612,41.642857142857146
57.0,62.0,0,50.612,41.642857142857146
39.0,50.0,0,50.612,41.642857142857146
40.0,53.0,0,50.612,41.642857142857146
43.0,46.0,0,50.612,41.642857142857146
38.0,50.0,0,50.612,41.642857142857146
46.0,54.0,0,50.612,41.642857142857146
40.0,47.0,0,50.612,41.642857142857146
35.0,46.0,0,50.612,41.642857142857146
40.0,53.0,0,50.612,41.642857142857146
31.0,49.0,0,52.26548672566372,31.25925925925926
30.0,49.0,0,52.26548672566372,31.25925925925926
34.0,49.0,0,52.26548672566372,31.25925925925926
34.0,51.0,0,52.26548672566372,31.25925925925926
32.0,48.0,0,52.26548672566372,31.25925925925926
30.0,43.0,0,52.26548672566372,31.25925925925926
31.0,45.0,0,52.26548672566372,31.25925925925926
28.0,46.0,0,52.26548672566372,31.25925925925926
30.0,46.0,0,52.26548672566372,31.25925925925926
33.0,45.0,0,52.26548672566372,31.25925925925926
34.0,50.0,0,52.26548672566372,31.25925925925926
22.0,47.0,0,52.26548672566372,31.25925925925926
31.0,47.0,0,52.26548672566372,31.25925925925926
35.0,54.0,0,52.26548672566372,31.25925925925926
31.0,49.0,0,52.26548672566372,31.25925925925926
29.0,48.0,0,52.26548672566372,31.25925925925926
29.0,39.0,0,52.26548672566372,31.25925925925926
29.0,47.0,0,52.26548672566372,31.25925925925926
30.0,47.0,0,52.26548672566372,31.25925925925926
35.0,49.0,0,52.26548672566372,31.25925925925926
31.0,48.0,0,52.26548672566372,31.25925925925926
32.0,45.0,0,52.26548672566372,31.25925925925926
35.0,52.0,0,52.26548672566372,31.25925925925926
32.0,48.0,0,52.26548672566372,31.25925925925926
30.0,49.0,0,52.26548672566372,31.25925925925926
34.0,46.0,0,52.26548672566372,31.25925925925926
32.0,47.0,0,52.26548672566372,31.25925925925926
41.0,51.0,0,50.612,39.0
35.0,53.0,0,50.612,39.0
37.0,49.0,0,50.612,39.0
38.0,52.0,0,50.612,39.0
36.0,45.0,0,50.612,39.0
38.0,48.0,0,50.612,39.0
40.0,48.0,0,50.612,39.0
42.0,54.0,0,50.612,39.0
39.0,54.0,0,50.612,39.0
41.0,45.0,0,50.612,39.0
40.0,49.0,0,50.612,39.0
37.0,47.0,0,50.612,39.0
37.0,51.0,0,50.612,39.0
38.0,51.0,0,50.612,39.0
42.0,48.0,0,50.612,39.0
36.0,50.0,0,50.612,39.0
40.0,49.0,0,50.612,39.0
40.0,50.0,0,50.612,39.0
40.0,50.0,0,50.612,39.0
41.0,54.0,0,50.612,39.0
41.0,49.0,0,50.612,39.0
40.0,47.0,0,50.612,39.0
36.0,50.0,0,50.612,39.0
41.0,62.0,0,62.4,39.0
34.0,47.0,0,52.26548672566372,32.285714285714285
30.0,48.0,0,52.26548672566372,32.285714285714285
35.0,49.0,0,68.5,32.285714285714285
37.0,50.0,0,52.26548672566372,32.285714285714285
30.0,47.0,0,52.26548672566372,32.285714285714285
29.0,48.0,0,52.26548672566372,32.285714285714285
36.0,52.0,0,52.26548672566372,32.285714285714285
32.0,50.0,0,52.26548672566372,32.285714285714285
28.0,42.0,0,52.26548672566372,32.285714285714285
30.0,47.0,0,52.26548672566372,32.285714285714285
33.0,47.0,0,52.26548672566372,32.285714285714285
33.0,45.0,0,52.26548672566372,32.285714285714285
35.0,52.0,0,52.26548672566372,32.285714285714285
34.0,53.0,0,52.26548672566372,32.285714285714285
33.0,47.0,0,52.26548672566372,32.285714285714285
32.0,52.0,0,52.26548672566372,32.285714285714285
34.0,46.0,0,52.26548672566372,32.285714285714285
33.0,48.0,0,52.26548672566372,32.285714285714285
30.0,48.0,0,52.26548672566372,32.285714285714285
32.0,52.0,0,52.26548672566372,32.285714285714285
28.0,45.0,0,52.26548672566372,32.285714285714285
32.0,44.0,0,52.26548672566372,32.285714285714285
31.0,51.0,0,52.26548672566372,32.285714285714285
34.0,49.0,0,52.26548672566372,32.285714285714285
29.0,44.0,0,52.26548672566372,32.285714285714285
34.0,49.0,0,52.26548672566372,32.285714285714285
33.0,52.0,0,52.26548672566372,32.285714285714285
33.0,49.0,0,52.26548672566372,32.285714285714285
66.0,86.0,1,85.31623931623932,65.28571428571429
73.0,83.0,1,85.31623931623932,65.28571428571429
65.0,74.0,1,85.31623931623932,65.28571428571429
62.0,81.0,1,85.31623931623932,65.28571428571429
66.0,85.0,1,85.31623931623932,65.28571428571429
66.0,81.0,1,85.31623931623932,65.28571428571429
69.0,82.0,1,85.31623931623932,65.28571428571429
68.0,80.0,1,85.31623931623932,65.28571428571429
60.0,74.0,1,85.31623931623932,65.28571428571429
66.0,91.0,1,85.31623931623932,65.28571428571429
65.0,78.0,1,85.31623931623932,65.28571428571429
67.0,81.0,1,85.31623931623932,65.28571428571429
66.0,80.0,1,85.31623931623932,65.28571428571429
61.0,82.0,1,71.68627450980392,65.28571428571429
67.0,78.0,1,85.31623931623932,65.28571428571429
66.0,83.0,1,85.31623931623932,65.28571428571429
65.0,81.0,1,71.68627450980392,65.28571428571429
61.0,80.0,1,85.31623931623932,65.28571428571429
66.0,80.0,1,85.31623931623932,65.28571428571429
62.0,79.0,1,85.31623931623932,65.28571428571429
64.0,77.0,1,85.31623931623932,65.28571428571429
63.0,75.0,1,77.74226804123711,64.81818181818181
65.0,76.0,1,77.74226804123711,64.81818181818181
58.0,68.0,1,62.69491525423729,64.81818181818181
63.0,78.0,1,77.74226804123711,64.81818181818181
65.0,72.0,1,77.74226804123711,64.81818181818181
74.0,72.0,1,77.74226804123711,64.81818181818181
70.0,81.0,1,77.74226804123711,64.81818181818181
71.0,78.0,1,77.74226804123711,64.81818181818181
61.0,66.0,1,62.69491525423729,64.81818181818181
68.0,73.0,1,77.74226804123711,64.81818181818181
62.0,68.0,1,77.74226804123711,64.81818181818181
56.0,69.0,1,62.69491525423729,64.81818181818181
66.0,74.0,1,77.74226804123711,64.81818181818181
65.0,69.0,1,77.74226804123711,64.81818181818181
66.0,77.0,1,77.74226804123711,64.81818181818181
63.0,77.0,1,77.74226804123711,64.81818181818181
66.0,77.0,1,77.74226804123711,64.81818181818181
71.0,80.0,1,77.74226804123711,64.81818181818181
64.0,69.0,1,62.69491525423729,64.81818181818181
59.0,71.0,1,62.69491525423729,64.81818181818181
67.0,70.0,1,77.74226804123711,64.81818181818181
63.0,76.0,1,77.74226804123711,64.81818181818181
79.0,94.0,1,85.31623931623932,74.22727272727273
81.0,90.0,1,85.31623931623932,74.22727272727273
75.0,94.0,1,85.31623931623932,74.22727272727273
77.0,89.0,1,85.31623931623932,74.22727272727273
68.0,87.0,1,85.31623931623932,74.22727272727273
73.0,91.0,1,85.31623931623932,74.22727272727273
69.0,89.0,1,85.31623931623932,74.22727272727273
75.0,94.0,1,85.31623931623932,74.22727272727273
69.0,85.0,1,85.31623931623932,74.22727272727273
72.0,85.0,1,85.31623931623932,74.22727272727273
79.0,93.0,1,85.31623931623932,74.22727272727273
74.0,94.0,1,85.31623931623932,74.22727272727273
76.0,90.0,1,85.31623931623932,74.22727272727273
73.0,94.0,1,85.31623931623932,74.22727272727273
74.0,87.0,1,85.31623931623932,74.22727272727273
79.0,94.0,1,85.31623931623932,74.22727272727273
74.0,92.0,1,71.68627450980392,74.22727272727273
72.0,88.0,1,85.31623931623932,74.22727272727273
74.0,84.0,1,85.31623931623932,74.22727272727273
74.0,90.0,1,85.31623931623932,74.22727272727273
70.0,87.0,1,85.31623931623932,74.22727272727273
76.0,95.0,1,85.31623931623932,74.22727272727273
45.0,60.0,0,50.612,48.84615384615385
49.0,58.0,0,50.612,48.84615384615385
53.0,56.0,0,50.612,48.84615384615385
47.0,55.0,0,50.612,48.84615384615385
49.0,59.0,0,50.612,48.84615384615385
49.0,59.0,0,50.612,48.84615384615385
41.0,53.0,0,50.612,48.84615384615385
54.0,63.0,0,50.612,48.84615384615385
52.0,60.0,0,50.612,48.84615384615385
49.0,59.0,0,50.612,48.84615384615385
46.0,58.0,0,50.612,48.84615384615385
48.0,59.0,0,50.612,48.84615384615385
46.0,57.0,0,50.612,48.84615384615385
45.0,59.0,0,50.612,48.84615384615385
52.0,62.0,0,50.612,48.84615384615385
48.0,59.0,0,50.612,48.84615384615385
53.0,63.0,0,50.612,48.84615384615385
46.0,56.0,0,50.612,48.84615384615385
54.0,61.0,0,50.612,48.84615384615385
47.0,61.0,0,50.612,48.84615384615385
49.0,57.0,0,50.612,48.84615384615385
50.0,62.0,0,50.612,48.84615384615385
46.0,54.0,0,50.612,48.84615384615385
54.0,60.0,0,62.4,48.84615384615385
46.0,55.0,0,50.612,48.84615384615385
52.0,62.0,0,62.4,48.84615384615385
32.0,55.0,0,52.26548672566372,36.25
25.0,53.0,0,52.26548672566372,36.25
33.0,54.0,0,52.26548672566372,36.25
44.0,56.0,0,68.5,36.25
34.0,54.0,0,52.26548672566372,36.25
38.0,53.0,0,52.26548672566372,36.25
34.0,50.0,0,52.26548672566372,36.25
39.0,54.0,0,52.26548672566372,36.25
41.0,55.0,0,52.26548672566372,36.25
36.0,52.0,0,52.26548672566372,36.25
38.0,53.0,0,52.26548672566372,36.25
38.0,52.0,0,52.26548672566372,36.25
37.0,52.0,0,52.26548672566372,36.25
35.0,52.0,0,52.26548672566372,36.25
30.0,48.0,0,52.26548672566372,36.25
38.0,53.0,0,52.26548672566372,36.25
38.0,50.0,0,52.26548672566372,36.25
36.0,55.0,0,52.26548672566372,36.25
37.0,57.0,0,52.26548672566372,36.25
35.0,59.0,0,52.26548672566372,36.25
37.0,53.0,0,52.26548672566372,36.25
37.0,54.0,0,52.26548672566372,36.25
39.0,49.0,0,52.26548672566372,36.25
37.0,53.0,0,52.26548672566372,36.25
34.0,50.0,0,52.26548672566372,36.25
38.0,53.0,0,52.26548672566372,36.25
39.0,56.0,0,52.26548672566372,36.25
36.0,49.0,0,52.26548672566372,36.25
46.0,49.0,0,50.612,41.30769230769231
43.0,52.0,0,62.4,41.30769230769231
40.0,49.0,0,50.612,41.30769230769231
45.0,51.0,0,50.612,41.30769230769231
39.0,50.0,0,50.612,41.30769230769231
43.0,53.0,0,62.4,41.30769230769231
45.0,51.0,0,50.612,41.30769230769231
44.0,53.0,0,50.612,41.30769230769231
46.0,50.0,0,50.612,41.30769230769231
44.0,54.0,0,50.612,41.30769230769231
37.0,50.0,0,50.612,41.30769230769231
41.0,52.0,0,50.612,41.30769230769231
38.0,48.0,0,50.612,41.30769230769231
40.0,53.0,0,50.612,41.30769230769231
37.0,47.0,0,50.612,41.30769230769231
38.0,52.0,0,50.612,41.30769230769231
45.0,57.0,0,62.4,41.30769230769231
44.0,52.0,0,50.612,41.30769230769231
43.0,45.0,0,50.612,41.30769230769231
37.0,46.0,0,50.612,41.30769230769231
38.0,50.0,0,50.612,41.30769230769231
41.0,51.0,0,50.612,41.30769230769231
41.0,55.0,0,50.612,41.30769230769231
36.0,47.0,0,50.612,41.30769230769231
42.0,50.0,0,50.612,41.30769230769231
41.0,48.0,0,50.612,41.30769230769231
41.0,46.0,0,50.612,40.310344827586206
43.0,52.0,0,50.612,40.310344827586206
39.0,54.0,0,50.612,40.310344827586206
38.0,49.0,0,50.612,40.310344827586206
42.0,51.0,0,50.612,40.310344827586206
36.0,43.0,0,50.612,40.310344827586206
36.0,53.0,0,50.612,40.310344827586206
40.0,48.0,0,50.612,40.310344827586206
42.0,48.0,0,50.612,40.310344827586206
39.0,49.0,0,50.612,40.310344827586206
40.0,47.0,0,50.612,40.310344827586206
39.0,55.0,0,62.4,40.310344827586206
41.0,48.0,0,50.612,40.310344827586206
38.0,48.0,0,50.612,40.310344827586206
42.0,55.0,0,50.612,40.310344827586206
46.0,53.0,0,62.4,40.310344827586206
41.0,49.0,0,50.612,40.310344827586206
42.0,50.0,0,50.612,40.310344827586206
39.0,52.0,0,62.4,40.310344827586206
38.0,46.0,0,50.612,40.310344827586206
40.0,46.0,0,50.612,40.310344827586206
41.0,50.0,0,50.612,40.310344827586206
45.0,47.0,0,50.612,40.310344827586206
38.0,51.0,0,50.612,40.310344827586206
39.0,50.0,0,50.612,40.310344827586206
39.0,55.0,0,62.4,40.310344827586206
38.0,46.0,0,50.612,40.310344827586206
46.0,53.0,0,50.612,40.310344827586206
41.0,48.0,0,50.612,40.310344827586206
