true_values,predicted_values,difference
7.03,6.937065174815514,0.09293482518448659
5.63,5.612440595586664,0.017559404413336033
6.52,5.968482277506633,0.551517722493367
6.5,7.045351604868296,0.545351604868296
6.36,5.886644993229445,0.4733550067705554
5.79,6.744632105381814,0.9546321053818136
6.56,5.694771728055389,0.8652282719446109
5.0,6.728690514129595,1.7286905141295952
7.74,7.31905934230749,0.4209406576925101
6.42,5.9639997408514285,0.45600025914857145
6.68,7.025300957178532,0.34530095717853193
6.21,6.734465732327723,0.5244657323277231
6.3,6.027071237095317,0.2729287629046828
7.52,7.542776826776387,0.02277682677638726
6.89,6.701204623664721,0.18879537633527832
4.93,5.55481068847645,0.6248106884764502
7.44,7.02223525159952,0.4177647484004803
6.62,5.875489508708128,0.7445104912918721
6.02,6.273523257128895,0.25352325712889545
6.62,7.035155164046085,0.41515516404608466
6.62,6.304073682702281,0.3159263172977189
5.3,5.4407396703631115,0.14073967036311164
4.8,5.150526656494719,0.35052665649471937
6.8,6.793402203526453,0.0065977964735468575
9.0,5.648184984991626,3.3518150150083743
4.16,4.452188808342303,0.29218880834230276
7.82,7.674864127917485,0.14513587208251533
7.39,7.199041336192644,0.19095866380735593
5.41,5.906113588637928,0.496113588637928
6.4,6.546021024893115,0.14602102489311442
5.5,5.922222875327035,0.4222228753270354
8.27,6.679206042791339,1.5907939572086605
7.59,7.53141932311706,0.05858067688294
6.47,6.557267871815821,0.08726787181582107
8.49,7.668266521165371,0.8217334788346289
6.65,6.32593169309476,0.32406830690524036
7.2,6.3019302924627185,0.8980697075372817
6.44,6.122468739171229,0.3175312608287717
5.24,5.724931280515109,0.4849312805151085
6.24,5.92898559435859,0.31101440564141036
6.0,5.93254377297266,0.06745622702734
7.88,8.494201632813297,0.6142016328132973
8.93,8.384166167297042,0.5458338327029573
6.13,5.419832230026229,0.7101677699737712
6.03,5.658570415407639,0.3714295845923612
4.0,5.552748424432291,1.5527484244322913
6.1,6.0941223433279825,0.0058776566720171175
4.65,6.911325917998329,2.2613259179983283
6.5,6.093414558275237,0.4065854417247632
6.83,6.583378354883318,0.24662164511668205
7.07,7.011327614600239,0.058672385399761495
8.0,6.540641662010291,1.459358337989709
7.14,6.928722800570104,0.21127719942989565
7.71,7.599402171971392,0.11059782802860774
6.25,5.96639557459254,0.2836044254074599
6.91,7.071222624869755,0.16122262486975458
7.11,7.014154584752649,0.0958454152473509
7.4,7.317748551926931,0.08225144807306961
7.85,7.8514781341866575,0.0014781341866578757
5.39,5.681403342910693,0.2914033429106935
6.18,5.678206961669672,0.5017930383303275
6.93,7.076091598372148,0.14609159837214847
7.1,7.071856298731686,0.02814370126831367
6.05,5.770924539051238,0.27907546094876157
5.72,5.63336368444694,0.08663631555305962
5.87,6.200329731402339,0.33032973140233857
6.77,6.40769366141247,0.3623063385875298
7.21,6.745484790240475,0.46451520975952487
5.95,6.556003414808569,0.6060034148085691
8.03,7.457107794550031,0.5728922054499686
6.56,7.078429538889863,0.5184295388898637
7.87,7.827367359665381,0.04263264033461933
5.67,5.824441450934227,0.15444145093422712
9.25,6.587228286477989,2.6627717135220106
6.15,6.55675816300292,0.40675816300291956
4.92,5.463574637747655,0.5435746377476551
6.39,6.275934243441046,0.11406575655895335
7.24,7.459666443005839,0.21966644300583837
7.09,6.828626846575431,0.2613731534245689
4.95,6.640447730132285,1.690447730132285
7.47,7.559626859008951,0.08962685900895107
6.78,6.759745428589952,0.020254571410048605
5.95,6.821497414186899,0.8714974141868987
6.5,6.462138964713615,0.03786103528638485
5.94,5.756284494953021,0.18371550504697964
5.21,6.112007468121056,0.9020074681210559
6.71,6.625326439129562,0.08467356087043765
4.67,4.41850783098513,0.25149216901487037
6.59,5.995375714351405,0.594624285648595
7.07,6.866003374071678,0.20399662592832257
6.54,6.8158860655264375,0.27588606552643746
7.42,7.107713573812911,0.3122864261870886
6.4,6.302663917099742,0.09733608290025852
6.48,6.718682068708015,0.23868206870801423
7.51,7.130751832097805,0.37924816790219484
6.78,5.820351968115698,0.9596480318843019
8.2,5.939401714839089,2.26059828516091
6.22,5.872316491748558,0.3476835082514418
6.96,6.462460291514648,0.4975397084853519
5.5,5.610212286352032,0.11021228635203162
7.66,7.309932607921297,0.35006739207870297
6.38,7.028409463694385,0.6484094636943851
5.89,5.369360180120232,0.5206398198797677
7.04,7.264412201483659,0.22441220148365915
7.7,8.18595182318094,0.48595182318093944
4.85,5.312829843632816,0.4628298436328162
7.92,8.011248046342844,0.09124804634284445
7.46,7.444284488669046,0.015715511330953724
6.8,6.195958405107324,0.6040415948926761
5.39,5.537772857650602,0.14777285765060189
7.2,7.268040841321492,0.06804084132149146
6.99,7.129917963550053,0.1399179635500527
7.69,7.4981236954503245,0.19187630454967586
6.74,6.5744685536592415,0.16553144634075867
6.49,6.700781566859263,0.21078156685926253
5.29,6.420953545664361,1.1309535456643607
7.09,6.566092070254004,0.5239079297459961
7.61,7.375283338777333,0.23471666122266743
8.17,8.277478992775814,0.10747899277581396
7.05,6.4332324404165515,0.6167675595834483
6.0,6.667423626586401,0.6674236265864009
7.53,7.450909050732975,0.07909094926702487
7.1,7.067013216860891,0.03298678313910841
5.45,5.904454830466505,0.4544548304665046
6.8,6.317267960537719,0.48273203946228094
5.74,6.01007159821466,0.27007159821465976
6.01,5.74084019300056,0.26915980699943987
6.16,6.325922857214856,0.16592285721485567
7.16,6.600670380987046,0.5593296190129537
6.98,6.741536107588436,0.23846389241156452
6.34,6.797463360607033,0.45746336060703285
6.48,6.335373185490665,0.14462681450933523
8.17,7.619575450922417,0.550424549077583
7.62,7.685206442421097,0.06520644242109697
5.98,6.195616191452585,0.21561619145258426
6.34,6.151835005081986,0.1881649949180142
6.5,6.200914435536014,0.2990855644639856
5.75,6.242201052345067,0.4922010523450666
5.33,5.790434141077512,0.4604341410775117
7.76,7.359827678848245,0.4001723211517545
7.42,7.542761634907437,0.12276163490743741
7.5,7.408705918640031,0.09129408135996897
5.51,5.485395783618494,0.024604216381505672
7.36,7.132612924854768,0.2273870751452325
6.25,7.2178157581417475,0.9678157581417475
8.34,8.097720060785726,0.24227993921427426
6.54,6.091339948631699,0.448660051368301
6.37,5.66352425148401,0.7064757485159898
6.67,6.668888069749373,0.0011119302506266138
6.25,6.09724713125428,0.15275286874572025
6.87,6.817633694826766,0.05236630517323437
4.58,4.757065569598741,0.1770655695987413
6.16,6.631046517446245,0.47104651744624526
6.46,6.897082822486983,0.4370828224869827
7.06,7.362797509771221,0.30279750977122166
3.85,4.294059148027328,0.44405914802732793
5.47,6.274148556931486,0.8041485569314863
6.8,6.658732243938691,0.1412677560613087
5.68,6.056010975857055,0.37601097585705556
6.75,5.9958954946950955,0.7541045053049045
8.83,8.554419089943808,0.2755809100561919
8.08,7.608658055931791,0.4713419440682092
8.31,7.392157099067227,0.9178429009327731
7.67,7.272454074769618,0.3975459252303821
3.77,4.215153503312437,0.44515350331243697
5.8,5.345423279223809,0.45457672077619105
7.4,7.124441923624162,0.2755580763758383
5.74,5.356887762582417,0.38311223741758305
4.36,3.780809094396246,0.5791909056037543
6.43,6.929469431563555,0.49946943156355506
7.14,7.369891443170113,0.22989144317011334
5.9,6.018860739235492,0.11886073923549123
6.47610799251537,6.375064157379188,0.1010438351361822
7.33,7.473143676479529,0.14314367647952864
6.47610799251537,6.8907341490543175,0.4146261565389473
6.52,6.125880774882209,0.39411922511779096
8.03,7.810511102085736,0.21948889791426307
6.67,6.678021158417171,0.008021158417171215
7.23,7.100351718893058,0.1296482811069426
5.9,6.733206007660753,0.8332060076607526
6.02,6.227018127735547,0.20701812773554717
7.22,7.119050630875691,0.10094936912430885
7.17,6.510662644009878,0.6593373559901217
6.89,6.713021911073682,0.17697808892631794
6.02,6.48633410051681,0.4663341005168107
5.62,5.83533111621608,0.21533111621608025
6.57,6.185572464813865,0.38442753518613504
6.33,6.7465848634588035,0.4165848634588034
6.17,6.297356519432843,0.1273565194328432
5.64,6.049987598383608,0.40998759838360854
5.88,5.652308337564251,0.227691662435749
6.2,6.5373677434886295,0.3373677434886293
7.4,6.802799725607496,0.5972002743925042
6.73,6.454639677840542,0.27536032215945827
7.05,7.395074182314566,0.34507418231456644
6.0,5.701939396900553,0.29806060309944726
7.69,7.424851869667185,0.2651481303328156
8.47,8.2679923445464,0.20200765545360078
6.75,6.625832214613792,0.12416778538620843
6.12,5.924283037716995,0.19571696228300528
6.84,6.955497878143236,0.11549787814323587
7.56,7.555175035589924,0.004824964410075516
5.98,5.946685362061698,0.03331463793830203
5.25,5.750787583867576,0.5007875838675764
5.91,6.415420502973546,0.5054205029735455
5.44,5.618924657558962,0.17892465755896136
7.24,7.2365098815510835,0.003490118448916668
6.94,6.38737425527405,0.5526257447259502
6.22,6.521411773443614,0.3014117734436139
7.48,7.097992160288881,0.38200783971111907
6.94,6.653770945061164,0.2862290549388362
7.48,7.351876047365795,0.12812395263420573
5.21,6.033238921841839,0.8232389218418392
7.25,7.769635517955786,0.5196355179557859
6.8,6.549805884755427,0.2501941152445726
6.61,6.668341589335955,0.05834158933595468
5.44,5.380745079392993,0.059254920607007655
4.49,5.549216322276382,1.0592163222763817
4.92,6.666964968987899,1.746964968987899
7.51,6.961137487701027,0.5488625122989728
4.67,5.918688454150067,1.2486884541500674
5.84,5.66337738281491,0.17662261718508976
7.11,6.14704431241042,0.96295568758958
5.25,6.042762301736942,0.7927623017369418
7.77,8.010394463541052,0.24039446354105287
8.13,8.046764272787481,0.0832357272125197
6.04,6.031487435724004,0.008512564275996226
7.01,6.752055287176082,0.2579447128239174
7.15,6.570689476468282,0.579310523531718
3.91,6.18338980484298,2.2733898048429797
6.49,5.869059777395289,0.6209402226047116
6.81,6.796792715701434,0.013207284298565547
7.22,7.866176075957743,0.6461760759577428
7.61,7.240238053519628,0.36976194648037275
5.61,6.139172995043788,0.5291729950437878
6.24,5.549062131799548,0.6909378682004519
6.32,6.669657945177743,0.34965794517774285
6.33,6.713185048115341,0.38318504811534115
5.85,5.816120715280939,0.03387928471906054
4.39,5.892066588405499,1.5020665884054996
7.52,7.186536532346537,0.3334634676534627
7.32,6.982546062993684,0.3374539370063161
6.91,6.764338297757165,0.14566170224283503
6.71,6.621004630840128,0.08899536915987216
5.82,6.317994289284927,0.49799428928492695
6.06,5.919858625164937,0.1401413748350624
6.77,6.831273312476871,0.061273312476871844
7.9,7.149228766580697,0.7507712334193037
6.76,7.141966104692504,0.3819661046925038
6.14,6.208410069467307,0.06841006946730754
5.29,5.622320995461948,0.3323209954619477
7.2,7.481912838463144,0.2819128384631435
5.92,6.081120051916911,0.16112005191691114
6.43,6.1379885776296375,0.29201142237036226
4.88,5.561129587472083,0.6811295874720829
5.8,6.835055816996581,1.0350558169965813
6.89,6.564117861305482,0.3258821386945181
6.95,6.958220479438343,0.00822047943834292
4.0,4.98550850511504,0.9855085051150398
7.04,7.3711283679364135,0.3311283679364134
3.11,5.357466218069504,2.2474662180695044
7.97,7.995114256790081,0.025114256790081058
6.58,6.795897356758598,0.21589735675859778
5.8,6.271725422276057,0.47172542227605696
7.09,7.839699546304153,0.7496995463041536
5.68,6.361780877455723,0.681780877455723
6.35,6.5479954331777055,0.19799543317770585
7.43,7.165357166706528,0.2646428332934718
6.2,6.053074703265789,0.14692529673421095
6.31,5.846340450719675,0.46365954928032505
6.46,6.4526475591292165,0.007352440870783461
6.17,5.988851914700341,0.1811480852996592
6.58,6.450351731857027,0.12964826814297314
5.86,5.8495472180655375,0.010452781934462863
6.54,6.628106478366993,0.08810647836699292
6.93,6.693394424903727,0.23660557509627278
5.48,5.419685224896986,0.06031477510301464
8.23,7.774527208122393,0.45547279187760736
6.65,6.12044771771272,0.5295522822872805
6.13,6.490928311769737,0.3609283117697375
7.08,6.66985710873206,0.4101428912679399
7.29,6.981939025832145,0.30806097416785505
6.06,6.8139522564474415,0.7539522564474419
3.59,4.981610808555366,1.3916108085553658
7.01,6.83645137720458,0.17354862279541994
7.5,6.851703817416199,0.6482961825838007
7.38,7.068653250104324,0.3113467498956757
6.0,6.278047628552856,0.2780476285528559
5.29,6.016817795433642,0.7268177954336421
7.1,6.740133511724047,0.35986648827595236
7.28,8.104883592799386,0.8248835927993854
4.11,4.412653648493583,0.30265364849358267
6.46,6.05825450220716,0.40174549779283986
6.27,6.213915574648428,0.05608442535157199
5.44,5.278662709077174,0.16133729092282678
7.22,7.0464218953438795,0.17357810465612022
6.23,6.33028538342958,0.10028538342957916
5.64,6.269802573744231,0.6298025737442314
6.77,6.934327545667044,0.1643275456670441
5.97,6.288098963454636,0.31809896345463606
7.94,7.234600052554645,0.705399947445355
5.35,5.905454751830055,0.5554547518300552
6.42,6.170280439472816,0.24971956052718358
6.77,6.699756133124951,0.07024386687504869
5.74,5.452683922992417,0.2873160770075831
7.35,7.096353175664303,0.2536468243356964
4.89,4.910381694340655,0.02038169434065562
5.26,6.183318516029677,0.9233185160296769
6.6,6.85895455385027,0.25895455385027066
5.75,5.119979231734914,0.6300207682650862
6.34,6.573150374930137,0.2331503749301369
8.45,8.386380474419767,0.06361952558023276
7.51,6.958446722644562,0.5515532773554375
5.64,6.234755202360954,0.5947552023609539
6.02,6.278293965130273,0.2582939651302736
7.33,6.243377989699898,1.0866220103001023
6.65,6.514634445832436,0.13536555416756446
6.32,5.558492184954126,0.7615078150458743
7.88,7.609323642440801,0.27067635755919905
6.49,6.332737842077083,0.15726215792291764
6.21,6.603669188848624,0.3936691888486239
6.36,6.784054999577218,0.4240549995772174
7.19,7.290424093882759,0.10042409388275875
6.8,6.385149899049392,0.41485010095060826
5.67,6.028337755432533,0.3583377554325331
5.99,4.389004880142183,1.6009951198578172
6.58,7.279518300275069,0.6995183002750691
5.23,5.50616309476599,0.2761630947659892
5.26,5.445912195508428,0.1859121955084282
7.43,7.475418840814038,0.045418840814038575
6.84,7.1432308910125,0.30323089101250034
5.73,5.715451551438009,0.014548448561991556
7.55,6.957315722612193,0.5926842773878072
6.27,6.003911708561666,0.2660882914383338
6.67,5.93267641566493,0.7373235843350701
2.67,4.485192337837177,1.8151923378371775
7.01,7.32343315439673,0.3134331543967299
5.65,5.828852747332823,0.1788527473328223
6.37,6.202864659074057,0.1671353409259435
6.12,6.433310897261247,0.31331089726124706
5.67,5.402606309418145,0.267393690581855
4.94,5.63256072294296,0.69256072294296
5.55,5.547320497958236,0.002679502041764259
7.56,6.933383020236037,0.6266169797639627
6.48,6.639969463471026,0.15996946347102536
6.43,6.74135592480617,0.31135592480617014
3.84,4.407790465339518,0.5677904653395185
6.49,7.143491804605417,0.6534918046054168
6.55,6.869442739894097,0.31944273989409755
8.75,7.950296775020577,0.7997032249794227
5.76,5.747528513530632,0.012471486469367576
6.13,5.480628232421116,0.6493717675788835
5.14,5.668509636643248,0.528509636643248
6.49,6.532467097892745,0.04246709789274483
5.7,4.963630100175099,0.7363698998249015
6.0,5.86875296866718,0.13124703133282
7.48,7.048076287149303,0.43192371285069786
6.87,6.844165307115035,0.025834692884965094
5.86,6.695989505065212,0.8359895050652115
6.55,6.786831114121467,0.2368311141214674
6.91,6.2680494004075396,0.6419505995924606
6.03,6.315489148665769,0.2854891486657687
6.73,6.280660623226595,0.4493393767734055
6.55,6.861854132013577,0.31185413201357726
5.7,5.852295663134235,0.15229566313423515
6.27,6.312335506361227,0.04233550636122718
7.17,7.065056172489412,0.10494382751058762
5.54,6.418812370438108,0.8788123704381077
7.38,7.306983922418684,0.07301607758131556
4.6,6.1307976565086815,1.5307976565086818
5.63,5.602554350271962,0.027445649728037758
6.54,6.800756365121158,0.26075636512115796
7.21,7.2481474992433155,0.03814749924331551
6.67,6.768902244915735,0.09890224491573463
8.39,8.088361393334893,0.301638606665108
7.04,7.027637452693152,0.01236254730684827
4.69,5.457997390383227,0.7679973903832265
7.76,7.275238472395377,0.4847615276046229
7.04,7.347162582037547,0.307162582037547
6.59,6.117782722611319,0.4722172773886806
3.5,4.7607208904687655,1.2607208904687655
6.42,6.317386561512099,0.10261343848790094
6.06,5.640884630227166,0.41911536977283337
7.13,6.205810204627445,0.9241897953725546
5.38,5.444845915271921,0.0648459152719214
7.62,7.498049813623483,0.12195018637651689
7.06,7.109918602449989,0.04991860244998936
6.23,6.366910956333169,0.13691095633316852
6.38,6.532835714797122,0.15283571479712244
7.43,7.112668518218452,0.31733148178154735
6.36,6.991325182729971,0.6313251827299711
4.74,5.849993109622374,1.1099931096223736
7.02,6.978059392521816,0.04194060747818362
6.14,6.076550775042769,0.06344922495723093
6.8,6.558512213113473,0.24148778688652683
5.07,5.597803449678598,0.5278034496785979
5.24,5.242323625994581,0.0023236259945811355
6.49,6.983481089103604,0.49348108910360367
7.59,7.542886615043231,0.04711338495676909
7.05,6.771000249096351,0.27899975090364926
6.78,6.3898499873782155,0.3901500126217847
6.65,6.401563550611805,0.24843644938819498
6.27,6.7798527983523025,0.5098527983523029
7.43,7.035928756593907,0.3940712434060929
5.86,5.903356055392868,0.043356055392867354
8.33,6.797121539118484,1.5328784608815162
6.44,6.4699956803432475,0.029995680343247066
7.0,6.431172518392515,0.5688274816074852
7.56,7.353224172419299,0.20677582758070034
6.21,6.011992773300763,0.19800722669923676
7.39,7.725228775766631,0.33522877576663124
6.56,6.106681274201503,0.4533187257984963
6.82,6.906420736551002,0.08642073655100191
7.6,7.514296384009529,0.08570361599047072
6.88,7.075512425010249,0.19551242501024912
6.35,6.298536744429274,0.05146325557072551
6.04,6.228485404618721,0.18848540461872076
5.61,6.032669902493317,0.4226699024933165
8.16,7.498489891637756,0.6615101083622443
6.89,7.0808937332938955,0.1908937332938958
7.41,6.579697616153241,0.8303023838467594
6.86,6.422098215817368,0.4379017841826327
4.17,5.318087743191251,1.148087743191251
6.67,6.418906490891751,0.2510935091082489
6.28,7.194371321772049,0.914371321772049
6.6,6.46848519883404,0.13151480116595948
5.69,6.335520060607355,0.645520060607355
4.92,5.282071911978757,0.36207191197875677
6.56,6.977499793668459,0.41749979366845924
6.74,6.378680083568206,0.3613199164317944
7.63,7.163836274143148,0.46616372585685184
4.09,4.230488980771405,0.14048898077140493
7.52,7.812856873136315,0.2928568731363157
7.21,7.644993909509819,0.434993909509819
4.35,5.913171264709703,1.5631712647097036
5.49,5.301043053100972,0.18895694689902864
5.99,6.30729421384659,0.31729421384658973
3.7,4.732682544436473,1.0326825444364731
7.4,6.634882064702446,0.7651179352975541
6.58,7.205511782852922,0.6255117828529215
7.22,7.097510964498578,0.1224890355014221
8.15,7.346950378704002,0.8030496212959983
7.52,7.347360787364761,0.17263921263523851
7.16,6.8358008876247585,0.3241991123752417
6.47610799251537,6.538322913108068,0.062214920592698064
6.3,4.881281153046423,1.4187188469535768
6.73,6.535303059286867,0.1946969407131336
6.78,6.255665576746805,0.5243344232531957
6.76,6.9950499801656845,0.23504998016568468
5.75,5.528143611699037,0.22185638830096277
7.33,7.144051340746019,0.18594865925398096
6.12,5.387358049692179,0.732641950307821
7.33,7.030502432207564,0.29949756779243586
6.17,6.258337665487732,0.0883376654877317
6.93,6.633151297230607,0.2968487027693927
6.2,6.56275847355619,0.3627584735561902
5.27,5.817160411487212,0.5471604114872122
7.52,7.465302666041247,0.0546973339587522
6.89,6.934283424103713,0.04428342410371311
5.83,5.074686740712831,0.7553132592871687
7.68,7.547282452822717,0.13271754717728257
6.96,7.043605723942544,0.08360572394254362
7.29,6.9227759810864535,0.3672240189135465
6.84,6.908913015326253,0.06891301532625338
6.2,6.68159676842479,0.48159676842479016
3.59,4.510783189205437,0.9207831892054372
6.69,6.60505809396798,0.08494190603202068
8.27,8.200186977314875,0.06981302268512479
5.79,5.717015965882402,0.07298403411759846
5.9,5.748976455673201,0.1510235443267991
8.68,7.7945182660876755,0.8854817339123242
6.75,6.770778657901796,0.020778657901796116
6.78,6.632833952340671,0.14716604765932928
6.66,6.742984652458871,0.08298465245887066
8.1,7.7427859182427445,0.3572140817572551
8.0,7.496347743378232,0.503652256621768
7.42,7.109590101322796,0.3104098986772037
7.21,6.955645088265555,0.2543549117344446
5.84,5.135147385968751,0.7048526140312488
6.36,6.343174238881641,0.016825761118359317
5.62,6.264895623262128,0.6448956232621281
5.4,6.083789162576835,0.6837891625768346
4.0,5.9963882687286,1.9963882687285999
6.2,6.704982276279508,0.5049822762795078
5.98,6.153881302849993,0.1738813028499928
7.23,6.427280209001916,0.8027197909980845
4.26,4.351552265058626,0.09155226505862579
7.12,7.294675446095158,0.17467544609515784
6.61,6.163670719450362,0.44632928054963816
6.62,6.692086900668678,0.07208690066867796
5.62,5.992184683610265,0.37218468361026513
6.47610799251537,5.895378133551673,0.5807298589636973
6.17,5.8318511034312905,0.3381488965687094
6.88,7.219110828268562,0.339110828268562
7.87,7.714716413379659,0.15528358662034147
7.57,7.57268154223104,0.0026815422310395576
6.51,6.570352389408769,0.06035238940876919
4.8,5.926928188078689,1.126928188078689
7.19,6.951173407230464,0.2388265927695361
7.16,6.440150082433807,0.7198499175661928
6.61,5.657981880682869,0.9520181193171311
8.0,5.971497439939225,2.028502560060775
7.03,7.571836072370619,0.5418360723706188
6.05,6.380418366305268,0.3304183663052678
5.44,5.327381084729828,0.11261891527017198
5.53,5.401776208969448,0.12822379103055237
6.63,6.19111045343473,0.43888954656527
7.74,7.514184109469349,0.22581589053065088
6.35,6.822544780765338,0.4725447807653387
6.73,7.1152394442408085,0.385239444240808
7.43,7.793349760765896,0.363349760765896
6.31,6.540949004228076,0.2309490042280764
6.88,6.935501708002317,0.055501708002316796
7.21,7.182877407040874,0.02712259295912567
8.41,8.22296302372726,0.18703697627273996
5.87,5.975566455034114,0.10556645503411399
6.91,6.495922752089216,0.41407724791078415
8.16,8.147501106876073,0.012498893123927601
7.96,7.328358242717684,0.6316417572823161
6.91,6.871796430285121,0.03820356971487904
6.74,6.902271337451461,0.16227133745146105
7.5,6.47157748133385,1.02842251866615
6.95,6.588050703949916,0.3619492960500841
4.93,5.9383503660023464,1.0083503660023467
7.36,6.799741082311873,0.5602589176881274
6.52,6.7350549251764615,0.21505492517646196
4.79,4.529795659427986,0.260204340572014
3.53,5.005071311259002,1.475071311259002
6.97,7.132785108880942,0.162785108880942
6.01,6.315053780898144,0.3050537808981444
6.37,5.904731210630818,0.4652687893691825
6.2,6.29964598426868,0.09964598426867965
6.26,6.762407740083729,0.5024077400837292
5.5,4.004553808169154,1.4954461918308457
6.47610799251537,6.2494250384932295,0.22668295402214067
7.43,7.719464518437192,0.28946451843719245
6.03,6.281043088548105,0.251043088548105
6.37,6.2368295876111475,0.13317041238885263
5.61,5.471329272563376,0.13867072743662412
6.53,6.118018177549243,0.4119818224507572
6.15,6.805006873370295,0.6550068733702945
6.86,7.231355178833187,0.3713551788331868
4.78,4.808005474185771,0.02800547418577093
8.57,8.199166530091164,0.3708334699088365
5.38,5.51201363262733,0.1320136326273298
6.04,4.796315631286005,1.2436843687139953
7.42,6.796376297320318,0.6236237026796818
7.16,6.736471759766145,0.42352824023385516
5.93,5.866688814604008,0.06331118539599156
8.12,7.970033886912672,0.1499661130873271
6.26,6.626211599493421,0.36621159949342097
7.35,7.010485210621216,0.339514789378784
6.54,6.11309878721364,0.42690121278636006
4.03,4.972702083410573,0.9427020834105724
6.26,6.5467691081339625,0.2867691081339627
7.29,7.0754406304946285,0.21455936950537158
6.92,7.303439236338496,0.3834392363384964
5.57,6.252296721973035,0.6822967219730351
4.4,4.530426418001802,0.130426418001802
7.74,7.993637467680754,0.253637467680754
7.16,7.124516572258688,0.03548342774131186
7.25,6.1326927420842114,1.1173072579157886
6.65,6.708313850811175,0.05831385081117446
5.15,5.1220675646747615,0.027932435325238814
5.44,5.864284577491518,0.4242845774915178
6.15,6.658541810494106,0.5085418104941057
6.24,5.742663818750325,0.4973361812496755
5.43,5.821714902885744,0.3917149028857443
5.8,7.040443188506485,1.240443188506485
4.72,4.9492684831513305,0.22926848315133075
7.2,6.953050739014561,0.24694926098543935
4.36,5.032393406805091,0.6723934068050905
5.13,5.431515022031466,0.30151502203146574
6.9,6.977109166833859,0.07710916683385882
5.73,5.844155152219632,0.1141551522196318
6.71,5.697904016749688,1.0120959832503118
5.5,5.944207093549448,0.44420709354944776
5.09,5.563940829520643,0.4739408295206431
6.0,5.7981445652101264,0.20185543478987356
6.48,6.104181082066204,0.3758189179337963
7.42,7.142019657674095,0.27798034232590485
6.03,6.697277416137308,0.6672774161373081
6.0,6.210827986122553,0.2108279861225526
7.15,7.375242881001469,0.22524288100146883
5.85,5.9864471722852475,0.13644717228524783
7.62,7.323299983028199,0.29670001697180126
6.24,6.70564196767923,0.46564196767922983
6.71,6.5227035587489475,0.1872964412510525
4.0,4.5542545520008355,0.5542545520008355
5.17,5.472443262953066,0.3024432629530658
7.07,6.48156231121147,0.5884376887885301
6.47,6.4576104529216245,0.012389547078375251
4.83,5.081500917679072,0.25150091767907234
7.35,7.858405971695432,0.5084059716954323
7.95,7.43555873901831,0.5144412609816902
6.13,5.705267465322925,0.4247325346770747
7.3,6.832110631320057,0.467889368679943
6.6,6.680045336389462,0.08004533638946221
6.47610799251537,6.773849522328102,0.2977415298127317
6.63,6.74111729239226,0.11111729239225987
6.03,6.6824345185656275,0.6524345185656273
6.83,6.924888857489363,0.09488885748936315
7.0,6.95321679411412,0.04678320588588036
4.93,5.25969208074326,0.3296920807432606
6.4,5.807480220560679,0.5925197794393213
4.51,4.93174397086374,0.4217439708637398
5.42,5.424560305306702,0.004560305306702261
5.61,6.957087324437383,1.3470873244373829
5.18,5.532747705632107,0.35274770563210733
5.67,5.778955980381204,0.10895598038120369
6.47610799251537,6.382194109562992,0.09391388295237846
6.84,7.591380306538344,0.7513803065383442
7.3,7.535376520842592,0.23537652084259175
6.26,6.861709164001335,0.6017091640013348
4.98,5.478586528220365,0.49858652822036476
6.16,6.063489826380291,0.09651017361970915
5.19,5.880642793635587,0.690642793635587
7.41,7.34408304041653,0.0659169595834701
6.36,6.357414212067637,0.002585787932363637
6.87,7.239533378869129,0.3695333788691286
6.52,6.610459433639888,0.09045943363988851
5.72,5.859357779421566,0.1393577794215659
6.55,6.745571934820791,0.1955719348207916
8.0,7.331520926508084,0.6684790734919162
4.94,5.396225231304964,0.4562252313049635
5.92,6.485054476820679,0.5650544768206789
6.47610799251537,6.473416022953574,0.0026919695617957373
6.91,6.475411509655158,0.4345884903448418
7.19,7.072216036214872,0.11778396378512834
7.27,7.193592580673799,0.07640741932620099
5.0,5.888816569124792,0.888816569124792
6.9,6.504864088471301,0.3951359115286994
5.81,7.030011758604979,1.2200117586049792
7.43,7.2446139675864085,0.1853860324135912
4.22,6.974195095426385,2.754195095426385
4.55,5.170957816789838,0.6209578167898382
6.87,6.9505119761583956,0.08051197615839545
4.94,5.412406629763019,0.47240662976301895
6.59,6.760419433671539,0.17041943367153944
7.67,7.40378583018357,0.26621416981643
3.54,4.397939750939169,0.8579397509391686
6.45,6.664550515476353,0.21455051547635318
7.08,7.094501435758157,0.014501435758156767
7.46,7.746032538212085,0.2860325382120852
4.24,5.721667994333092,1.4816679943330922
6.2,6.598829113113327,0.3988291131133268
7.25,7.154976626710107,0.09502337328989263
5.85,6.16662349198066,0.31662349198066053
7.18,7.290321537404396,0.11032153740439643
7.14,6.702689987838608,0.437310012161392
5.57,6.032572537949804,0.4625725379498036
6.24,6.284917026561776,0.044917026561775764
7.05,6.4403173334472825,0.6096826665527173
4.42,4.411500824420573,0.008499175579427032
6.56,6.417189364965404,0.14281063503459546
5.08,5.1789606437056745,0.09896064370567448
5.72,6.372971447934202,0.6529714479342026
4.78,6.284357309838371,1.5043573098383707
7.02,7.153960557826611,0.13396055782661165
6.13,5.763806755338805,0.3661932446611953
7.53,7.012965936178455,0.5170340638215452
4.7,5.407324219376104,0.7073242193761038
4.71,4.794895996177741,0.08489599617774068
8.74,8.492640040622854,0.24735995937714605
3.25,5.909825072755556,2.659825072755556
8.64,7.435904852981689,1.2040951470183119
5.65,5.301768538331847,0.34823146166815366
7.33,7.126689101850604,0.20331089814939585
3.82,5.419324738014668,1.5993247380146678
5.23,5.3049517087752225,0.07495170877522206
7.01,6.604165597476768,0.4058344025232321
7.51,7.6648798956811355,0.1548798956811357
8.05,8.09766355132252,0.04766355132252009
4.18,4.232107683848856,0.05210768384885611
5.4,5.561981988872964,0.1619819888729639
8.5,7.962662264735939,0.5373377352640611
6.43,6.541192184419171,0.11119218441917145
6.57,6.837396383741173,0.2673963837411728
6.8,7.009499191972875,0.20949919197287503
7.12,6.7133074736098735,0.40669252639012665
5.45,4.236570752244618,1.213429247755382
7.5,6.015705525772716,1.4842944742272843
6.47610799251537,6.2250650241093,0.25104296840607
7.34,7.379529308678317,0.0395293086783175
6.14,5.758492545202992,0.3815074547970081
5.99,6.392840513974767,0.40284051397476706
6.0,5.710367926663844,0.2896320733361559
7.41,7.0836419740372305,0.32635802596276964
8.07,7.48439586027421,0.5856041397257901
4.52,4.862503666692157,0.34250366669215726
7.04,7.060077487351199,0.020077487351199075
5.0,5.2431061868817554,0.24310618688175545
6.81,6.771410801301681,0.03858919869831823
5.43,6.149335238971161,0.7193352389711611
5.0,5.609150238667317,0.6091502386673167
7.12,7.012632081396337,0.10736791860366335
7.91,7.188876442588084,0.7211235574119161
6.23,6.791683587059581,0.5616835870595809
3.4,5.585949897575205,2.1859498975752047
7.82,7.256411206755453,0.5635887932445476
4.54,6.35029620154495,1.8102962015449497
6.14,4.760412929423077,1.3795870705769229
7.34,7.485204969807979,0.14520496980797937
6.78,6.903762585528648,0.12376258552864794
6.63,6.659387650387198,0.02938765038719815
6.64,7.070522171371316,0.4305221713713161
5.55,5.591696764439812,0.04169676443981185
5.27,5.7080131000223515,0.43801310002235194
6.92,7.218829910666689,0.2988299106666892
6.93,7.416108470841344,0.48610847084134434
6.25,6.661097902368658,0.41109790236865784
8.08,7.704088095128332,0.3759119048716677
6.47610799251537,6.973529450011691,0.49742145749632094
6.39,6.644168906902449,0.2541689069024491
6.03,6.430558506600348,0.40055850660034764
6.07,5.16307118645611,0.9069288135438907
6.73,6.580621383694857,0.14937861630514337
6.25,6.503144139959036,0.2531441399590362
5.7,5.512008474369432,0.18799152563056776
7.46,7.351276368964642,0.10872363103535765
4.67,6.901543112315018,2.231543112315018
5.75,5.003985070558995,0.7460149294410048
7.25,6.03034628638678,1.2196537136132202
5.91,5.867510505938224,0.042489494061776156
5.25,5.895216787866453,0.6452167878664534
7.82,7.57764028895917,0.2423597110408302
3.84,4.715070719867474,0.8750707198674741
5.44,5.752339684743138,0.31233968474313745
7.27,7.232037067966122,0.037962932033877905
5.9,5.637136139711524,0.2628638602884763
6.08,6.479983232677101,0.39998323267710134
7.81,8.412584901971881,0.6025849019718814
6.22,6.5698760873412825,0.3498760873412827
7.23,6.535096735784012,0.6949032642159887
6.09,6.044101345243159,0.04589865475684096
8.59,8.473923532862639,0.1160764671373613
8.33,6.311859884287815,2.0181401157121854
6.52,6.889999432075419,0.36999943207541985
8.4,5.785888335263556,2.614111664736444
6.78,6.443630048128794,0.3363699518712062
6.43,5.893140285153387,0.5368597148466128
6.34,6.381475237488405,0.04147523748840509
4.4,5.012042030292536,0.6120420302925353
7.51,7.393054965137778,0.11694503486222185
5.64,6.0800039384853575,0.4400039384853578
6.36,5.793013945496351,0.5669860545036496
8.43,6.686336537702512,1.743663462297488
8.05,7.857119702052627,0.19288029794737405
6.67,6.927100303256398,0.2571003032563981
7.04,5.797269843723236,1.2427301562767639
6.09,6.269443722325671,0.1794437223256713
6.56,7.001083668603195,0.4410836686031958
7.44,7.509894231783613,0.06989423178361243
5.61,6.350055003200947,0.740055003200947
6.48,6.371680734870034,0.1083192651299667
6.0,5.631378687588874,0.3686213124111264
5.4,5.422256823679122,0.02225682367912185
7.54,7.554395739887921,0.014395739887921088
8.11,7.875404846583014,0.23459515341698545
5.52,5.890378254363021,0.37037825436302185
7.24,6.7337422137723735,0.5062577862276267
7.02,6.669550601381461,0.3504493986185384
6.29,6.85989687748924,0.5698968774892403
7.33,5.960501183203716,1.369498816796284
6.47,6.520872966128493,0.05087296612849368
6.44,5.601356460874893,0.8386435391251075
6.4,5.794301044838752,0.6056989551612482
5.86,6.002892027956857,0.14289202795685707
6.19,6.626381776754738,0.43638177675473777
6.13,5.525826178373281,0.604173821626719
5.59,5.5241159414240375,0.06588405857596236
7.03,7.426471740528439,0.3964717405284386
6.91,6.5082376310677255,0.4017623689322747
7.32,7.28375061993515,0.036249380064850456
7.41,6.958407528718916,0.45159247128108415
6.47610799251537,7.119640316070858,0.6435323235554877
6.25,6.384025458582747,0.13402545858274717
7.27,7.276136163720328,0.006136163720328547
7.95,7.409902124162656,0.5400978758373443
6.86,6.8926510651584305,0.03265106515843019
6.66,7.034050619290124,0.3740506192901236
6.48,6.702874196642805,0.22287419664280428
6.67,6.510462560728223,0.15953743927177655
6.0,5.884443785252678,0.11555621474732192
5.44,5.8061766756075075,0.3661766756075071
6.75,6.596027169278937,0.15397283072106305
6.64,6.6362274283156495,0.00377257168435019
6.91,6.711208344130733,0.19879165586926728
7.93,7.352535113566075,0.5774648864339245
6.33,6.0186293722863855,0.31137062771361457
7.83,8.439680662589513,0.609680662589513
9.37,8.052100263061133,1.317899736938866
6.41,6.790755609040991,0.3807556090409907
6.4,6.051010442429977,0.3489895575700235
8.33,6.753776912722279,1.5762230872777208
5.7,6.685415736084019,0.9854157360840192
7.46,7.229950025701915,0.23004997429808505
5.1,5.675874325255803,0.5758743252558034
4.89,5.195065087761899,0.305065087761899
5.75,6.584850653899253,0.8348506538992533
7.28,7.228845282150797,0.05115471784920356
7.19,6.959980727742562,0.23001927225743835
7.02,6.579358532241011,0.44064146775898827
6.36,6.603735305152276,0.24373530515227593
6.47610799251537,6.458059891718303,0.01804810079706698
7.44,6.730210038427391,0.7097899615726098
6.67,5.999372352660062,0.6706276473399377
6.05,6.385451390397894,0.3354513903978944
4.67,5.619083435695791,0.9490834356957913
6.97,6.900758603302686,0.069241396697314
6.47610799251537,5.873172229261756,0.6029357632536145
8.6,6.495314366381093,2.1046856336189066
5.93,6.354236560435845,0.4242365604358449
5.87,5.601420211054147,0.26857978894585344
4.78,5.20894413002604,0.42894413002604015
6.95,6.930254431409262,0.019745568590738394
5.71,5.889682472995894,0.17968247299589368
6.47610799251537,5.755595035071795,0.7205129574435754
6.0,5.912091141289922,0.08790885871007781
6.96,6.886261509778561,0.07373849022143908
7.46,6.954903632247069,0.5050963677529312
8.27,8.076034054076812,0.19396594592318728
6.9,6.561702442285702,0.3382975577142986
4.27,4.564047329484144,0.2940473294841448
6.48,6.6645138848922505,0.18451388489225007
6.68,6.521406732685739,0.15859326731426115
6.57,5.822876925021422,0.7471230749785782
7.2,6.607970287978857,0.5920297120211435
7.72,7.0905690177534675,0.6294309822465323
6.09,6.474594141947085,0.3845941419470851
5.7,5.950082953541997,0.2500829535419964
5.75,5.567780535987069,0.1822194640129311
7.56,7.374143449415519,0.18585655058448047
4.13,4.818236053199236,0.688236053199236
6.47610799251537,6.451588471972964,0.024519520542406248
8.06,8.03045069867648,0.029549301323520183
5.58,6.219364849277422,0.6393648492774222
6.59,6.4539436999316,0.13605630006839942
5.9,5.798428804244704,0.10157119575529627
5.85,5.471515343681908,0.3784846563180917
6.44,6.910810136756927,0.47081013675692684
7.45,7.09768650631292,0.3523134936870802
3.79,4.787574981248419,0.9975749812484187
6.25,6.942669507624613,0.692669507624613
6.73,6.579534976774129,0.15046502322587152
7.79,7.658824044270259,0.1311759557297414
7.21,7.702811422944514,0.49281142294451374
7.25,6.806759182407201,0.4432408175927991
6.86,6.8789839560792485,0.018983956079248188
6.67,5.951302185520832,0.7186978144791683
6.95,7.075662217229374,0.1256622172293742
5.77,5.948041139957089,0.1780411399570898
6.19,6.415728756528852,0.22572875652885127
7.61,7.149157632388979,0.46084236761102115
7.35,7.213233655295889,0.1367663447041103
6.56,6.499468123938247,0.06053187606175303
7.4,7.487274299569541,0.08727429956954058
6.44,6.030088581697049,0.4099114183029515
6.03,5.885045924482192,0.14495407551780826
7.04,6.370645649668537,0.6693543503314627
4.62,4.789718763402492,0.16971876340249192
6.2,6.7280642255894945,0.5280642255894943
6.33,6.410289647039913,0.08028964703991281
7.97,7.49931613141913,0.47068386858086964
8.71,8.20642621605474,0.5035737839452601
6.11,6.4451994411136955,0.33519944111369515
6.06,6.007019022875719,0.05298097712428085
7.87,7.572613581699206,0.2973864183007944
5.0,6.1940256583758675,1.1940256583758675
7.3,7.244977783380854,0.05502221661914586
7.77,7.815069584273385,0.04506958427338503
6.34,6.445239245524886,0.10523924552488584
7.72,6.580788674129676,1.139211325870324
6.63,6.176538033378781,0.4534619666212185
6.76,6.747832906732088,0.012167093267911433
5.73,5.810421239649048,0.08042123964904757
6.66,6.550693311735376,0.10930668826462409
6.71,6.42041277537531,0.28958722462468955
4.27,5.271723487865373,1.0017234878653731
6.62,6.1237895307440455,0.4962104692559546
6.33,5.990018762245358,0.3399812377546425
6.02,6.511115993507373,0.491115993507373
7.06,6.7844898874650825,0.2755101125349171
7.81,7.472739018028663,0.3372609819713368
6.84,5.958221982994306,0.8817780170056935
5.91,6.721124704406133,0.8111247044061329
5.66,6.2010026063017065,0.5410026063017064
9.33,6.369324890114942,2.9606751098850577
5.41,5.637026146110031,0.22702614611003114
4.44,5.300405499447968,0.8604054994479675
6.92,6.180096571246568,0.7399034287534318
6.1,6.1227654300087755,0.022765430008775844
6.0,5.547202802986625,0.45279719701337484
4.53,5.238397422594847,0.7083974225948468
7.05,6.820364976602292,0.2296350233977078
7.18,7.046053031951084,0.1339469680489156
5.88,5.759530925865666,0.12046907413433416
7.12,6.087621645869608,1.0323783541303921
6.39,6.315808867056002,0.07419113294399793
3.49,5.902253792077502,2.412253792077502
5.0,4.687099978862504,0.31290002113749615
6.89,6.569637304345155,0.3203626956548451
5.86,6.223170116157941,0.36317011615794037
5.93,6.501424759736883,0.5714247597368836
7.0,6.518236604604741,0.4817633953952587
6.8,7.394851174456555,0.5948511744565552
5.39,5.689699829636439,0.29969982963643904
7.0,6.401955768760845,0.5980442312391547
7.33,7.604702933021876,0.2747029330218762
6.2,5.655160879889884,0.5448391201101161
7.21,7.090885913759931,0.11911408624006903
5.29,5.858956191476705,0.5689561914767047
7.33,7.014796893378167,0.3152031066218335
6.64,5.998998757001253,0.6410012429987466
6.17,5.746129063598389,0.42387093640161133
6.62,6.531921494963993,0.08807850503600712
6.41,6.6873101114992295,0.27731011149922935
7.39,7.591616611081707,0.20161661108170748
8.34,7.489819176894804,0.8501808231051955
6.0,5.899861235596816,0.1001387644031837
8.35,8.2158619549854,0.13413804501460014
6.87,5.967308913807886,0.9026910861921138
6.52,7.231231832754613,0.7112318327546134
5.67,5.818690462419508,0.14869046241950823
6.89,6.708556924438425,0.18144307556157457
7.82,7.134424508794263,0.6855754912057375
6.82,6.490706126452082,0.3292938735479183
5.52,5.678226357320519,0.15822635732051982
6.32,6.711092860505768,0.3910928605057675
8.23,7.996197451935478,0.2338025480645225
5.81,4.837697889888096,0.9723021101119036
6.53,6.8537738960513455,0.3237738960513452
7.93,7.224078132289006,0.7059218677109937
6.19,5.858010311738856,0.33198968826114417
5.75,5.548981413681696,0.2010185863183036
7.75,7.524550918687334,0.22544908131266617
7.48,7.611567084482042,0.13156708448204135
6.44,6.418248094535369,0.02175190546463135
7.5,5.481135882509161,2.018864117490839
7.48,7.950375891471524,0.4703758914715239
7.41,7.925246668268028,0.5152466682680279
6.96,6.168571252478149,0.7914287475218513
5.55,5.863144230699843,0.31314423069984354
7.07,7.606405172832904,0.5364051728329038
7.25,6.688662851831035,0.5613371481689651
5.43,5.831009028688696,0.40100902868869603
6.85,6.315755218463772,0.5342447815362279
6.52,5.857397288931069,0.6626027110689305
6.84,6.9024920452513125,0.06249204525131269
6.42,6.615617266922267,0.19561726692226689
7.37,7.175537690104759,0.19446230989524071
7.27,7.088311139890807,0.18168886010919216
8.27,6.490152904200643,1.7798470957993562
5.53,5.41257064632234,0.11742935367766005
5.53,6.16462094813078,0.6346209481307801
7.34,6.635018916256777,0.7049810837432231
4.69,4.258257370814699,0.43174262918530104
4.41,5.650495023660149,1.2404950236601486
7.38,6.732389541981561,0.6476104580184385
7.5,5.480404408303698,2.0195955916963024
6.82,6.632963517694217,0.18703648230578285
7.37,7.6028788746191704,0.23287887461917034
7.09,6.726152385998658,0.363847614001342
4.12,5.069905966213979,0.9499059662139793
7.29,7.013069373763316,0.27693062623668396
7.4,7.858226948124673,0.4582269481246728
6.64,6.297861133075983,0.3421388669240164
6.02,6.110574032707087,0.09057403270708786
6.08,5.77902568944608,0.30097431055392043
7.67,6.658354954288913,1.011645045711087
8.05,7.341512915041049,0.7084870849589517
6.88,6.352353405052312,0.5276465949476883
5.19,5.497094917092909,0.3070949170929085
7.93,7.5872846579108515,0.3427153420891482
6.73,6.440249683711842,0.28975031628815806
8.65,8.483852368509595,0.16614763149040535
6.86,6.905567148005607,0.04556714800560702
7.16,7.0184537855832385,0.14154621441676163
5.9,6.335604525934619,0.43560452593461907
5.88,5.651760789224867,0.22823921077513276
7.12,6.96951223683175,0.1504877631682504
7.73,7.657422101421405,0.07257789857859542
6.89,6.495959227912004,0.3940407720879957
7.33,7.524538354922876,0.19453835492287563
5.77,7.127583928732413,1.3575839287324136
4.27,4.637209400945638,0.36720940094563836
6.91,6.662900687225759,0.24709931277424158
6.78,5.845268528912625,0.9347314710873755
6.19,6.436774301806015,0.24677430180601423
7.85,7.561403080980685,0.28859691901931495
6.93,7.1875321331732005,0.2575321331732008
6.94,7.008545440502127,0.06854544050212663
6.49,6.366672308559726,0.12332769144027456
6.59,6.786511475357667,0.1965114753576671
6.51,5.762637335029415,0.7473626649705851
3.82,6.618387051221985,2.7983870512219853
7.18,7.782094201097439,0.6020942010974393
6.07,6.220032985591312,0.15003298559131206
6.66,6.572916816120926,0.08708318387907443
5.61,5.47695381426938,0.13304618573062044
6.83,6.919322245298651,0.08932224529865085
6.53,6.13093080973918,0.39906919026082033
7.13,6.413874041503808,0.7161259584961917
7.0,6.64907618901958,0.3509238109804196
6.79,5.789500081657544,1.0004999183424559
7.28,7.717596728369543,0.43759672836954255
5.74,5.723812413123914,0.016187586876085902
6.84,6.577073508923022,0.2629264910769775
7.29,6.3648939048923125,0.9251060951076875
3.78,5.867515832283329,2.0875158322833296
5.0,5.752733717023808,0.7527337170238084
6.59,6.588062612372124,0.001937387627875431
4.54,5.590201254480003,1.0502012544800028
6.37,5.644134627794923,0.7258653722050772
7.16,7.23701679656389,0.07701679656388993
7.45,7.23732925755295,0.21267074244704975
7.45,7.199690745632542,0.2503092543674583
6.98,6.988787998663763,0.008787998663762231
7.02,7.126019385479974,0.10601938547997403
8.48,8.026133809900994,0.4538661900990064
5.83,6.367364802533866,0.5373648025338662
6.64,5.8914458663296125,0.7485541336703871
6.79,6.818622928472945,0.02862292847294512
6.52,6.916752361807488,0.3967523618074882
6.38,5.883966081129063,0.4960339188709373
6.33,7.034241210865742,0.7042412108657423
5.27,5.780786197153388,0.5107861971533882
5.27,5.483672896151185,0.21367289615118512
7.59,7.12576167423359,0.4642383257664102
6.52,6.889833338766818,0.369833338766818
6.59,6.193788213504785,0.3962117864952148
6.13,6.2969416236717635,0.16694162367176357
7.03,6.51971404851474,0.51028595148526
5.28,4.2037719317780535,1.0762280682219467
8.19,8.211524594503143,0.021524594503143035
6.64,6.539297595344214,0.1007024046557854
4.93,5.818692646715164,0.8886926467151639
5.43,5.942925165944728,0.5129251659447283
5.5,5.553826002959214,0.053826002959214136
5.81,6.172652397823644,0.362652397823644
5.68,6.108255490433,0.42825549043300004
5.66,6.521593249599833,0.8615932495998333
6.0,5.931209032191924,0.06879096780807625
6.53,6.815461575320633,0.28546157532063265
7.44,7.571048157685419,0.13104815768541833
7.65,7.617706077264559,0.03229392273544107
7.16,6.956619807401486,0.20338019259851414
7.35,7.24755236653368,0.10244763346632002
5.88,5.835285124601449,0.0447148753985509
6.91,6.648705281395076,0.26129471860492437
3.57,4.9577687074954415,1.3877687074954417
5.94,6.447724786945718,0.507724786945718
4.21,4.267655455211239,0.05765545521123894
7.04,6.825656561172278,0.2143434388277221
5.91,6.2825300759146065,0.3725300759146064
6.51,6.423719124754552,0.08628087524544803
5.52,5.29622856417563,0.22377143582436965
7.06,6.863446950255766,0.19655304974423338
7.9,7.9688065398298855,0.06880653982988516
7.5,5.617758881607344,1.8822411183926562
7.2,6.963896659455503,0.23610334054449744
5.55,5.664796331253523,0.1147963312535234
6.64,6.554090655019084,0.08590934498091585
7.51,7.2644905109926325,0.24550948900736724
8.22,8.148432605067354,0.07156739493264652
6.93,7.168265113885434,0.2382651138854346
6.47610799251537,6.154837761579896,0.32127023093547447
7.2,6.807182946697504,0.3928170533024966
5.49,6.026132093070578,0.5361320930705782
5.89,6.949672779845864,1.0596727798458643
6.95,7.492634513963841,0.5426345139638409
7.05,5.840869277377243,1.2091307226227572
7.02,7.791709741042862,0.7717097410428622
7.37,7.526496228521708,0.15649622852170797
7.47,7.103107211889178,0.36689278811082193
8.23,7.6238621529289485,0.6061378470710519
5.92,6.275048328268451,0.3550483282684507
7.5,6.469793070649512,1.0302069293504879
7.82,7.453488308568949,0.3665116914310511
6.66,6.0843285505246385,0.5756714494753616
7.37,7.368354969134513,0.0016450308654869517
6.82,6.848738362111209,0.028738362111208282
7.5,6.386997858389356,1.113002141610644
6.47610799251537,6.255203364391444,0.2209046281239262
6.04,5.814275551874228,0.22572444812577164
7.86,7.492479969528219,0.3675200304717814
5.15,5.434462313181128,0.2844623131811277
6.51,5.823475821728136,0.6865241782718634
7.07,7.200024570037196,0.1300245700371958
5.57,5.638086008149871,0.06808600814987109
7.47,7.545223337512402,0.07522333751240229
6.44,6.100769966223424,0.3392300337765768
6.94,6.799392018105312,0.14060798189468837
5.37,5.004300846423707,0.36569915357629323
6.83,6.858909069856275,0.02890906985627506
6.47610799251537,6.274912690166929,0.20119530234844074
7.4,7.158717676618699,0.2412823233813013
6.81,7.099823699651437,0.2898236996514374
7.15,8.04124014668798,0.8912401466879789
6.86,6.269336113239954,0.590663886760046
4.76,5.305156504369774,0.5451565043697739
5.23,6.219513268569302,0.9895132685693016
5.88,5.680520270179702,0.1994797298202977
7.4,6.941839213675278,0.4581607863247221
7.2,7.095919622683569,0.10408037731643116
5.75,5.846056094925004,0.09605609492500378
6.19,5.985850329397718,0.20414967060228228
7.48,7.579528758067777,0.09952875806777683
5.89,5.646997373540271,0.24300262645972825
6.47610799251537,6.24688197467392,0.2292260178414498
6.4,6.458179969092872,0.05817996909287171
6.65,6.736898757968262,0.08689875796826207
6.25,5.371713517421733,0.8782864825782672
5.8,5.596434569764666,0.2035654302353338
6.74,6.188976365364159,0.5510236346358415
7.15,6.590177432817816,0.5598225671821844
5.29,4.466706150772893,0.8232938492271069
6.5,6.133435933352934,0.366564066647066
7.28,7.622913439160705,0.3429134391607045
7.66,7.6197438868510625,0.04025611314893762
7.09,6.974481448476425,0.11551855152357504
6.32,7.031699532570604,0.7116995325706039
7.71,7.792678069997338,0.08267806999733818
5.8,6.01291036148057,0.21291036148056985
7.46,7.920748444203994,0.4607484442039942
7.63,6.939854724462151,0.6901452755378488
5.63,5.844364542514442,0.21436454251444204
6.45,6.814908720631064,0.36490872063106394
6.63,6.695694236071429,0.06569423607142877
6.37,5.976071777717686,0.39392822228231417
5.77,6.0596637855864985,0.28966378558649897
7.24,6.454845594788292,0.7851544052117081
8.0,6.650615214782443,1.3493847852175573
5.75,6.60672937967449,0.8567293796744897
7.32,7.242140710304564,0.07785928969543665
7.36,7.578214103753093,0.21821410375309291
7.1,7.667265286738564,0.5672652867385644
4.5,5.633145501941174,1.1331455019411738
5.93,6.188171388681831,0.25817138868183154
7.22,7.096714775716797,0.12328522428320277
7.66,7.077636174575763,0.5823638254242374
7.46,6.676121248444974,0.7838787515550258
4.92,5.953471357724386,1.0334713577243857
6.35,6.393068746591624,0.04306874659162396
5.09,4.9030557842792035,0.18694421572079634
6.53,6.5966583809625305,0.0666583809625303
7.34,7.223404720029282,0.11659527997071795
6.64,6.246636259751645,0.39336374024835496
5.71,6.384039977570035,0.6740399775700352
8.5,8.194574358882731,0.3054256411172691
6.47610799251537,6.294038394549369,0.18206959796600142
8.06,8.200045710096143,0.14004571009614253
7.49,7.1105787465029415,0.3794212534970587
7.18,6.89235303849186,0.2876469615081394
7.29,7.067658418623879,0.2223415813761207
6.15,5.861302800531238,0.2886971994687624
6.47,6.238340871792292,0.23165912820770806
6.54,6.49265095099713,0.04734904900286985
7.32,7.662964372022653,0.34296437202265295
6.47610799251537,6.310651915985316,0.16545607653005412
7.67,7.696701991627373,0.02670199162737319
4.88,5.606053537956307,0.7260535379563073
6.88,6.823477775365214,0.05652222463478562
5.67,4.720004663617301,0.949995336382699
6.05,6.542323462221582,0.49232346222158174
6.74,6.926327742145993,0.18632774214599301
6.45,6.573176963082542,0.12317696308254167
5.76,5.474112317285943,0.2858876827140566
7.93,7.575687280563566,0.3543127194364333
5.88,5.640898925234637,0.23910107476536258
6.5,6.3121071263009965,0.18789287369900354
6.08,5.446588545619903,0.6334114543800968
6.28,7.110034728328236,0.8300347283282354
9.17,8.258218740575265,0.9117812594247354
6.72,6.634202670786112,0.08579732921388761
5.72,6.158418417741763,0.4384184177417634
4.91,4.758401758349381,0.15159824165061941
7.07,5.857169137328896,1.2128308626711046
6.68,6.5718691143639605,0.10813088563603923
7.1,7.084887947957402,0.015112052042598023
6.0,5.788264018023112,0.21173598197688825
6.33,5.763373320331849,0.5666266796681514
8.22,7.899271426558134,0.32072857344186634
6.59,6.855882623667319,0.2658826236673191
8.04,7.847982599283551,0.19201740071644835
5.67,5.654410876488383,0.015589123511617231
5.36,6.00464245936268,0.6446424593626796
6.73,6.450596701283356,0.2794032987166446
6.19,6.2186567952754395,0.028656795275439073
7.63,7.337115765640943,0.29288423435905653
6.25,6.490763042517743,0.2407630425177434
6.62,6.674721231852027,0.05472123185202715
6.36,6.532223003068248,0.17222300306824767
8.52,8.229407972790657,0.2905920272093425
6.22,6.529040974007183,0.3090409740071829
6.4,5.978364360818014,0.42163563918198665
6.62,7.16649280683175,0.5464928068317496
7.48,7.670134311569926,0.19013431156992588
6.96,6.902009267764058,0.05799073223594231
8.2,6.987450153294837,1.212549846705162
6.47610799251537,6.0071889043315645,0.4689190881838057
5.06,6.257372761365187,1.1973727613651874
6.55,5.93390060577777,0.6160993942222301
7.06,6.664263748588143,0.395736251411857
6.47610799251537,6.475932797407956,0.00017519510741426103
7.42,7.390776643125108,0.029223356874892303
6.23,5.8207004877741975,0.40929951222580296
6.85,6.287876503051246,0.5621234969487539
6.66,6.576224960912464,0.08377503908753603
8.06,7.297054455996996,0.7629455440030046
5.85,6.454246060993829,0.6042460609938294
6.5,6.12373764713684,0.3762623528631597
5.54,5.061972133645992,0.47802786635400807
7.68,7.2679040274102755,0.4120959725897242
6.83,6.630174733643095,0.19982526635690512
6.76,6.5216080727307775,0.23839192726922231
7.85,7.515775157318278,0.3342248426817216
6.08,6.443918831094395,0.36391883109439505
8.07,7.231659758656699,0.8383402413433014
5.0,5.78062999980586,0.7806299998058597
6.04,6.139756839314604,0.09975683931460377
4.31,5.00025083703983,0.6902508370398301
7.04,6.394964475119227,0.6450355248807726
7.58,7.666932675387798,0.08693267538779814
6.45,5.824809648066192,0.6251903519338082
6.56,6.452889769917088,0.10711023008291143
5.97,5.843698479379659,0.1263015206203404
6.83,7.088655933121201,0.25865593312120083
7.36,7.387010191206072,0.027010191206072065
6.86,6.935993368508347,0.07599336850834693
4.31,6.169456900426924,1.8594569004269248
7.06,7.264300233885686,0.20430023388568674
5.15,6.228214726755196,1.0782147267551956
5.26,5.142074309713524,0.11792569028647559
7.0,6.411563411360478,0.5884365886395218
7.63,7.301497757554058,0.32850224244594184
7.28,7.408090297525879,0.12809029752587886
3.75,6.113582179413768,2.3635821794137684
6.78,6.949465394923351,0.16946539492335067
7.37,7.43279947518752,0.0627994751875196
5.0,6.367465306681365,1.367465306681365
7.15,6.972812159273805,0.1771878407261953
7.52,7.282935599149493,0.23706440085050673
6.81,7.5192335937354935,0.7092335937354939
6.75,6.829053471699585,0.07905347169958521
6.76,7.209749929925352,0.44974992992535245
7.89,7.835269376743013,0.05473062325698663
6.61,6.451549988018095,0.15845001198190545
6.92,6.815575809952513,0.10442419004748693
6.79,6.67772690076674,0.1122730992332599
6.53,6.3749671664875756,0.1550328335124247
5.92,5.126219836871459,0.7937801631285408
8.41,8.197179130508184,0.2128208694918161
6.78,6.641000044366704,0.13899995563329615
7.14,5.8314843456320276,1.3085156543679721
5.3,6.226533788178117,0.9265337881781175
7.29,6.985955312763688,0.3040446872363116
7.81,7.729494885183013,0.08050511481698663
5.61,5.873933269937744,0.2639332699377439
8.17,8.430818835040183,0.2608188350401832
7.06,6.80342050045908,0.2565794995409192
6.92,7.225072154398513,0.30507215439851265
6.85,6.372225029355844,0.4777749706441554
8.02,7.499046113860835,0.5209538861391643
7.03,6.722457117786955,0.3075428822130455
6.85,6.020175595552977,0.8298244044470229
5.61,6.212217378606876,0.6022173786068761
6.55,6.573405631413577,0.023405631413576877
6.08,6.309967979390283,0.2299679793902829
7.69,8.075236504738609,0.38523650473860815
7.38,7.5593866826383955,0.17938668263839563
7.28,7.00795174724797,0.2720482527520298
4.56,5.352409094471247,0.792409094471247
5.53,6.378354146999349,0.8483541469993492
7.94,7.7958261977300225,0.1441738022699779
7.55,6.398237867725049,1.1517621322749507
6.26,5.865544761324099,0.39445523867590104
6.55,6.629171977499514,0.07917197749951388
6.72,6.349449697956093,0.37055030204390693
6.23,6.499975566821371,0.2699755668213708
6.2,5.974482624219975,0.22551737578002484
6.82,7.29180309296428,0.47180309296427936
6.43,7.083082009570917,0.6530820095709169
5.96,6.120746173662014,0.16074617366201416
8.54,8.19447842627159,0.3455215737284085
6.64,6.740105429728951,0.1001054297289512
5.84,6.512410418819557,0.672410418819557
7.31,6.936815676448532,0.3731843235514676
6.47610799251537,6.299116161423727,0.17699183109164274
5.0,4.750989447287746,0.24901055271225392
6.75,6.225528140424237,0.5244718595757627
6.7,6.662093303653137,0.03790669634686328
5.3,5.258756568035856,0.04124343196414415
4.58,5.933185208326084,1.3531852083260842
6.07,6.671099872515042,0.601099872515042
8.15,7.577321136367964,0.5726788636320368
7.23,7.314752538878739,0.0847525388787389
5.5,5.6602829197108635,0.1602829197108635
7.65,7.579475746752849,0.07052425324715106
8.03,8.150229560909358,0.12022956090935821
6.96,6.912332781197494,0.04766721880250557
4.22,4.878962860711868,0.6589628607118678
6.73,6.944478708751665,0.2144787087516642
8.18,8.016948382094649,0.16305161790535116
7.57,7.173829860976099,0.3961701390239014
7.62,7.3636672553444935,0.2563327446555066
6.47,6.2510298526167185,0.21897014738328124
6.11,6.492483562897704,0.38248356289770324
7.08,6.821487977082783,0.2585120229172171
7.04,6.928017032203592,0.1119829677964077
6.72,6.664106422361044,0.05589357763895553
7.27,7.332994585882459,0.06299458588245965
6.42,5.970723843423728,0.4492761565762722
6.67,5.726458445219423,0.9435415547805768
5.26,5.533728763872084,0.273728763872084
7.76,7.56430997099791,0.19569002900208954
5.25,4.692536218304495,0.557463781695505
6.83,6.912878165101078,0.0828781651010777
6.99,6.73155969080416,0.2584403091958398
5.12,5.437861859954454,0.31786185995445404
5.14,6.750960697407859,1.610960697407859
6.85,6.592759350606214,0.2572406493937853
5.86,6.062963066385193,0.2029630663851929
8.0,6.151499615431438,1.8485003845685624
7.63,6.9828874531156195,0.6471125468843804
6.11,6.171552121536321,0.06155212153632039
6.13,5.952111999549913,0.17788800045008646
4.67,5.644669792169509,0.9746697921695091
6.75,6.439920038527399,0.3100799614726011
6.48,6.664913668788652,0.1849136687886519
7.43,7.813941869740731,0.3839418697407311
6.25,6.010255052323794,0.2397449476762059
6.47610799251537,6.0430177756594565,0.43309021685591365
7.99,7.549694355839952,0.44030564416004836
8.19,8.147420173347026,0.04257982665297355
6.43,6.079981549477553,0.3500184505224464
6.01,5.518112790979482,0.4918872090205175
7.2,6.864183363492908,0.3358166365070918
7.07,6.791045786017894,0.2789542139821064
6.55,6.4578752917996285,0.09212470820037133
5.0,5.826479029751345,0.8264790297513454
4.4,4.848472365141035,0.4484723651410345
7.42,7.615576884291947,0.1955768842919472
7.04,6.814190119164446,0.22580988083555376
6.25,6.28047893513186,0.030478935131860396
6.39,7.106722974584178,0.7167229745841786
3.58,4.541217248659428,0.9612172486594277
6.6,5.982059750342138,0.6179402496578614
5.78,5.351288207363368,0.4287117926366326
7.46,7.364038207422912,0.09596179257708837
7.38,7.113417008086308,0.26658299191369217
4.83,5.648566147548092,0.8185661475480916
8.18,7.757478242374998,0.42252175762500155
6.1,6.410096889424506,0.3100968894245062
7.6,7.403715143815865,0.1962848561841346
5.95,5.97516471447169,0.025164714471689997
6.47610799251537,6.7301366124659205,0.25402861995055037
7.48,6.698103173152983,0.7818968268470172
7.7,6.641688478056317,1.0583115219436836
7.25,6.948832716142063,0.3011672838579367
7.24,6.931604844251466,0.30839515574853404
7.63,6.988527312937898,0.6414726870621017
5.88,6.873211218932278,0.9932112189322782
4.38,5.167766976177809,0.7877669761778092
6.42,6.256688767156676,0.1633112328433235
5.75,5.794505678393968,0.044505678393967685
5.35,5.6915339525556154,0.3415339525556158
6.42,6.478030497271537,0.05803049727153731
7.65,7.350034968147433,0.29996503185256707
6.12,6.392422778988354,0.27242277898835354
6.57,6.372118055181301,0.19788194481869947
6.35,5.738611992173234,0.6113880078267657
6.74,7.053721027198088,0.3137210271980875
8.0,6.060847782377598,1.9391522176224019
7.11,6.3815569755691515,0.7284430244308489
5.89,6.110214540813401,0.22021454081340153
6.02,6.5766746861020975,0.5566746861020979
6.08,5.812871136287784,0.267128863712216
5.92,5.9888621971804135,0.06886219718041353
7.43,7.484996650377463,0.05499665037746304
5.91,5.960704767148852,0.05070476714885164
6.67,6.501070381419571,0.168929618580429
6.05,6.719210291874791,0.6692102918747915
7.61,7.821894384138938,0.21189438413893757
6.37,6.106649097711113,0.26335090228888713
7.74,7.29919246010146,0.4408075398985405
5.95,5.6104364087225065,0.3395635912774937
4.33,6.173186502057452,1.8431865020574518
7.81,8.134828572641966,0.32482857264196685
6.85,6.946552891998408,0.09655289199840844
4.66,5.577901421495308,0.9179014214953076
6.6,7.399404778193691,0.7994047781936917
7.48,7.3196040350675,0.1603959649325004
6.9,6.45896641165802,0.4410335883419805
7.36,7.078037768314064,0.28196223168593626
6.83,6.991672029752748,0.16167202975274808
6.47610799251537,6.532733200220198,0.05662520770482793
7.94,7.574676516308119,0.3653234836918813
3.2,4.173011633552218,0.9730116335522174
5.64,5.4389325302338865,0.20106746976611323
6.36,5.583820691384361,0.7761793086156397
6.25,6.2679010436722535,0.017901043672253536
7.2,6.072883906290625,1.1271160937093754
7.69,8.120731165954137,0.4307311659541364
6.22,5.785384162099749,0.4346158379002505
5.78,5.706303712425898,0.07369628757410229
5.81,6.067524466498822,0.25752446649882277
6.0,5.804711828766472,0.19528817123352837
7.06,6.927371459228436,0.13262854077156394
4.53,4.5476678494196445,0.017667849419644277
5.68,5.438604010462733,0.24139598953726704
6.58,6.41863912511106,0.16136087488894013
7.09,6.758490931804145,0.3315090681958548
6.47610799251537,5.995885978863769,0.4802220136516011
6.55,5.753066835554453,0.7969331644455471
5.53,5.643213704723055,0.11321370472305503
5.77,5.692696041004867,0.07730395899513276
7.47,6.7763703398974755,0.6936296601025242
6.22,4.696854941070407,1.5231450589295932
6.95,7.124949321551165,0.17494932155116505
7.54,7.7089146114655875,0.1689146114655875
6.63,6.874413237610146,0.24441323761014644
5.08,5.935744369778089,0.8557443697780887
7.24,6.861053403481523,0.3789465965184773
5.2,5.731914518615456,0.5319145186154559
5.96,6.091171559812886,0.13117155981288597
5.55,5.408859414425606,0.14114058557439346
7.14,7.239596701985215,0.09959670198521575
5.41,6.306374185847291,0.8963741858472911
8.54,7.946154204795986,0.5938457952040128
7.19,5.666992076739656,1.5230079232603444
6.27,6.209098420690609,0.060901579309390996
5.59,4.958976656558142,0.631023343441858
8.15,7.906199685758355,0.2438003142416454
7.06,6.969674599756042,0.09032540024395797
6.0,5.53636514629898,0.46363485370102
6.18,6.397688027773019,0.21768802777301932
5.35,5.703746415843554,0.3537464158435544
6.3,5.995658478190966,0.3043415218090342
6.9,7.009177811835759,0.10917781183575848
6.93,6.292617615577331,0.6373823844226685
3.67,4.56210604015208,0.89210604015208
5.92,6.312054414293544,0.39205441429354426
6.0,5.379196134381086,0.6208038656189139
6.11,5.972818420195138,0.1371815798048619
6.34,6.067939841154179,0.2720601588458207
7.3,7.195919087188748,0.10408091281125209
5.67,4.900991873438533,0.7690081265614666
8.01,7.494329412297142,0.515670587702858
7.78,7.880379731805377,0.10037973180537652
7.45,7.149772272545295,0.30022772745470494
5.8,6.307528715798085,0.5075287157980855
6.47,6.272509999748424,0.19749000025157581
6.33,7.0960089189969064,0.7660089189969064
7.22,7.222111017013792,0.002111017013792349
6.43,6.504282966011734,0.0742829660117339
5.1,6.045710782375235,0.9457107823752358
6.57,5.3936224944007245,1.1763775055992758
7.6,7.517871656691357,0.08212834330864283
8.76,7.14018830700268,1.6198116929973194
6.89,6.595411118403137,0.29458888159686225
6.66,6.322527732305751,0.337472267694249
6.18,6.612337886538188,0.43233788653818817
6.47,6.942460854658501,0.4724608546585012
6.45,5.783501362039457,0.6664986379605429
4.59,4.544667796028452,0.045332203971548246
5.4,5.531996120669995,0.1319961206699949
4.99,4.761130422003143,0.22886957799685703
6.9,7.070285786250164,0.17028578625016344
7.26,6.950149787523049,0.30985021247695066
3.74,5.473478250129155,1.7334782501291546
6.67,6.113531704550978,0.5564682954490223
5.45,6.357989839718978,0.9079898397189776
7.63,7.372088988522093,0.2579110114779066
5.35,4.822314977553584,0.5276850224464154
6.88,6.93865821179041,0.05865821179041042
7.21,7.142122955859191,0.06787704414080853
7.16,7.183963446607427,0.023963446607426775
8.11,7.7709003649400366,0.3390996350599629
7.8,6.113667464643587,1.6863325353564127
7.09,6.467708940687802,0.6222910593121975
6.76,5.749652993499772,1.0103470065002274
5.89,5.677767690904496,0.21223230909550406
6.64,6.894178216084335,0.2541782160843349
7.46,7.238584236394476,0.22141576360552406
6.78,6.970216985638274,0.1902169856382736
5.26,5.507522225569878,0.24752222556987835
6.94,6.49400719307368,0.4459928069263208
7.6,7.761334331735631,0.16133433173563105
6.57,5.014192880582901,1.555807119417099
5.57,5.850950261931869,0.2809502619318689
7.59,5.681496600832267,1.9085033991677331
6.33,6.682649320139264,0.352649320139264
4.92,4.35399788215109,0.5660021178489103
5.96,5.732070591837887,0.2279294081621126
6.55,6.887588341644236,0.3375883416442358
5.84,6.1638000787286,0.32380007872859995
6.28,5.594849832320475,0.6851501676795255
6.66,6.594030490869775,0.06596950913022503
3.65,4.7717295989546695,1.1217295989546696
6.35,6.5172207361577685,0.1672207361577689
6.96,6.89292769617851,0.06707230382149021
7.14,7.365339080571207,0.22533908057120744
7.45,7.121257398835579,0.32874260116442144
7.04,6.484739032428613,0.5552609675713871
7.05,6.934007759863472,0.11599224013652787
8.16,8.286917337221741,0.12691733722174092
5.72,6.256797911137123,0.536797911137123
3.43,5.064947232158929,1.6349472321589285
6.16,6.582865632509747,0.4228656325097466
5.06,5.071059559738,0.011059559738000324
6.81,6.307536708095644,0.5024632919043555
4.06,4.788105521664891,0.7281055216648911
7.49,7.49514339301491,0.005143393014909847
5.79,5.4014685721904545,0.3885314278095455
3.26,4.283118044672151,1.0231180446721515
6.3,6.7596485196949745,0.45964851969497467
7.17,7.153507653142689,0.01649234685731127
5.77,5.682981712317582,0.08701828768241793
5.94,6.292386603797434,0.3523866037974335
4.79,5.943609877739266,1.1536098777392656
6.15,6.29974642968602,0.1497464296860196
7.65,7.4154762277505055,0.23452377224949483
6.0,6.954891666220928,0.9548916662209281
6.47610799251537,5.950262089941222,0.5258459025741482
5.45,5.755955142834981,0.30595514283498115
6.35,5.98791384088531,0.36208615911469
6.53,6.465554532730308,0.06444546726969236
8.0,5.498377034815363,2.5016229651846373
6.09,6.422172486082159,0.3321724860821593
6.45,6.7914062162812066,0.3414062162812064
8.07,8.348872891723754,0.2788728917237542
4.0,5.303855552413585,1.3038555524135846
5.75,6.379377895514605,0.6293778955146054
6.44,6.393561033982127,0.04643896601787301
6.33,5.746249056846617,0.5837509431533832
5.61,5.908957848643951,0.29895784864395036
5.67,6.7303623754272985,1.0603623754272986
7.45,7.11705570572478,0.33294429427522054
6.59,5.71639003068717,0.8736099693128301
5.56,5.790068832082916,0.2300688320829165
5.8,5.794591760286087,0.005408239713912799
7.85,7.62312558654261,0.22687441345738968
5.62,6.568403859888189,0.948403859888189
7.72,7.6220735887856845,0.09792641121431522
6.57,6.118986460694222,0.45101353930577837
7.64,7.389311130952063,0.25068886904793697
5.47,5.516802860306716,0.0468028603067161
6.17,6.191305601687114,0.02130560168711426
6.9,7.081896539027436,0.18189653902743608
6.84,6.291590529585417,0.5484094704145832
6.04,5.900848854506007,0.13915114549399288
5.59,5.551018979882907,0.03898102011709259
6.72,8.100909985779943,1.380909985779943
6.32,6.303435010202212,0.01656498979778842
7.75,7.649634718167697,0.10036528183230331
6.99,6.655334583079734,0.3346654169202665
6.43,6.332529009000056,0.09747099099994383
6.83,7.155311927228047,0.32531192722804736
6.27,6.072349173886927,0.1976508261130725
7.31,7.69507589190899,0.3850758919089907
6.34,6.508255615578786,0.16825561557878643
7.16,7.242133644252497,0.08213364425249647
4.4,5.126650467355035,0.7266504673550349
5.71,6.0384420188374355,0.3284420188374355
4.33,4.946395478725571,0.616395478725571
6.85,6.6192612590457065,0.23073874095429314
5.82,6.576108258298934,0.7561082582989336
4.91,5.3389686104808725,0.4289686104808723
7.96,7.846837797481204,0.11316220251879638
4.83,5.36594549413323,0.5359454941332302
6.48,6.1037849764321255,0.37621502356787495
6.46,5.755712005010491,0.7042879949895093
5.46,5.627652967494775,0.16765296749477532
6.67,7.029322889216151,0.3593228892161511
6.0,4.82631882654526,1.1736811734547397
6.81,7.03115756326128,0.2211575632612801
6.09,5.8070644075543045,0.2829355924456953
6.61,6.454900433758866,0.15509956624113475
7.6,7.277652563869953,0.32234743613004646
6.99,7.402828344229253,0.4128283442292524
7.27,6.889760339534563,0.38023966046543656
6.47610799251537,6.414140511919453,0.061967480595916946
5.55,5.860790167358493,0.3107901673584932
7.71,7.766237754707618,0.056237754707617604
6.34,6.473765267028167,0.13376526702816705
5.93,6.375982924793678,0.44598292479367796
7.83,7.628828723225675,0.20117127677432478
6.62,6.112704098885741,0.5072959011142588
7.6,7.670493303992819,0.07049330399281928
5.48,6.1215539501894085,0.6415539501894081
5.87,5.13093356025216,0.7390664397478401
5.35,5.806747301358843,0.45674730135884367
5.69,5.594146691463859,0.09585330853614149
6.87,6.665813284453123,0.20418671554687684
4.75,5.8853345380016595,1.1353345380016595
6.47610799251537,6.555942195900868,0.07983420338549774
6.77,6.676399091890924,0.0936009081090754
6.08,6.643194848235997,0.5631948482359972
4.6,6.113813922457084,1.5138139224570848
6.12,6.353060380567265,0.23306038056726486
6.93,5.7742559469270365,1.1557440530729632
6.99,7.070883324999933,0.08088332499993278
7.95,6.965257354752654,0.984742645247346
7.59,7.343883981952121,0.24611601804787853
4.72,5.458625725764344,0.7386257257643445
6.52,6.670684582515289,0.15068458251528938
8.43,8.19223748973249,0.23776251026751005
6.72,6.583464164175351,0.1365358358246489
7.46,7.061661285064309,0.39833871493569095
6.41,6.641031573675625,0.231031573675625
6.45,6.1185718679409336,0.3314281320590666
6.5,5.7226066247462155,0.7773933752537845
7.33,7.14015337159968,0.1898466284003204
7.37,7.476402152727793,0.10640215272779319
6.5,6.055319634412204,0.44468036558779556
4.86,5.422654312780944,0.5626543127809436
7.29,7.395163538124823,0.10516353812482304
6.4,6.156823198507567,0.24317680149243337
6.66,6.840886922923937,0.1808869229239365
7.45,7.123843189179089,0.32615681082091097
6.67,6.8871391087258145,0.21713910872581454
7.31,6.889643575358012,0.4203564246419873
4.71,4.6949597111894406,0.01504028881055941
5.85,5.760038846116562,0.08996115388343728
6.34,6.933654705097204,0.5936547050972045
6.69,6.892616547278684,0.2026165472786836
5.25,6.642648811492912,1.3926488114929123
5.77,5.900086827677509,0.13008682767750912
7.04,6.296389834504567,0.7436101654954328
6.54,6.502842217055873,0.03715778294412697
7.44,7.457388637693624,0.017388637693623643
6.9,6.6789837366727856,0.2210162633272148
8.18,7.955891246077556,0.22410875392244378
6.68,6.639840249348014,0.04015975065198596
7.0,6.644021453065724,0.355978546934276
7.13,6.965506147202196,0.16449385279780415
5.95,5.846967240721076,0.10303275927892397
5.58,6.267867368721135,0.6878673687211352
6.4,5.941375389213283,0.45862461078671757
8.19,7.553151665153705,0.6368483348462943
8.28,7.559075984816474,0.7209240151835257
7.27,6.8224015755982155,0.4475984244017841
6.66,6.215810108358781,0.44418989164121925
7.56,7.561861698129292,0.0018616981292920443
6.9,5.393283925158986,1.5067160748410142
6.25,6.635401944257494,0.3854019442574943
5.86,5.77750482300876,0.0824951769912401
5.7,5.399241619579354,0.3007583804206462
6.34,6.736172813875167,0.39617281387516723
3.59,4.939236857596479,1.3492368575964795
6.01,6.520155951553243,0.5101559515532434
6.97,6.87687986635359,0.09312013364640936
6.62,5.9410654348425345,0.6789345651574656
4.28,4.314747767617336,0.034747767617335334
7.95,8.052659070910423,0.10265907091042248
6.36,6.595336285798347,0.23533628579834698
4.36,5.518248259095481,1.1582482590954806
7.87,7.298783452938027,0.5712165470619732
6.64,6.69598887880961,0.05598887880961012
6.38,5.929447372095262,0.45055262790473805
6.79,7.060393972735461,0.2703939727354614
6.03,6.002945646229204,0.027054353770796347
7.67,5.9479779072067664,1.7220220927932335
5.94,6.077367149027616,0.13736714902761538
6.34,5.86805016892211,0.47194983107788957
5.43,5.179704324873136,0.2502956751268641
6.91,7.310274824129976,0.4002748241299763
6.96,6.528917938102235,0.4310820618977651
6.91,6.660465789301798,0.24953421069820259
6.05,5.316123775194646,0.7338762248053534
7.54,6.801423274871128,0.7385767251288717
6.71,6.808934835004188,0.09893483500418832
6.72,6.446192848381137,0.27380715161886293
5.01,5.03538988898261,0.025389888982609854
5.37,4.782756405281779,0.5872435947182213
6.75,6.725380672033826,0.02461932796617372
5.41,5.570999673954471,0.16099967395447123
5.0,6.22772301214877,1.22772301214877
7.5,7.637082197272474,0.13708219727247428
4.69,4.39610326081931,0.29389673918069015
6.75,6.606896023006448,0.14310397699355182
3.27,4.384285560362482,1.114285560362482
6.01,5.5613854267046365,0.44861457329536325
7.18,7.100909680212859,0.07909031978714065
6.8,6.574491977483022,0.2255080225169781
7.17,6.5026831443213595,0.6673168556786404
6.17,5.425128800484657,0.7448711995153428
6.44,6.233566098226632,0.2064339017733685
3.54,4.2380503276635615,0.6980503276635615
6.94,7.513095793061101,0.5730957930611007
6.76,6.2798531032165394,0.48014689678346034
4.56,4.67170966032093,0.11170966032093066
6.06,6.476296938239226,0.41629693823922675
7.57,7.401469829402329,0.1685301705976716
6.07,6.755325757573658,0.6853257575736578
5.95,6.3001499876095,0.3501499876095
7.55,7.4646499564571345,0.08535004354286535
7.04,6.973821465814639,0.06617853418536068
7.04,7.450107491974809,0.41010749197480934
6.69,6.1337183597949485,0.5562816402050519
4.35,4.3799478304840775,0.029947830484077897
5.85,5.147454810690961,0.7025451893090384
5.29,6.3810798500770245,1.0910798500770245
6.5,6.101247733964524,0.3987522660354763
6.67,5.9832709636710035,0.6867290363289964
6.76,6.875577195893346,0.11557719589334603
6.31,6.829605945185965,0.5196059451859654
4.04,5.455589931640688,1.415589931640688
6.27,5.618197868579243,0.6518021314207569
6.0,5.907252151094452,0.09274784890554777
7.16,7.044775742630434,0.1152242573695661
6.17,6.480428422646966,0.31042842264696624
7.13,7.424848238569913,0.29484823856991316
3.81,4.874999887240137,1.0649998872401372
7.22,6.6410939126401525,0.5789060873598473
3.85,4.319613853892887,0.46961385389288735
7.2,7.2712949479778155,0.07129494797781533
6.13,5.940572614747902,0.189427385252098
5.88,6.411883773636762,0.5318837736367623
8.02,8.101600701278175,0.08160070127817498
7.11,6.678324888234086,0.4316751117659141
5.95,5.645486288649054,0.3045137113509462
4.24,6.16857667307229,1.92857667307229
5.22,5.938722643829043,0.718722643829043
6.06,5.885296372063784,0.17470362793621597
6.82,6.711876991662649,0.10812300833735122
8.48,8.21114481028905,0.26885518971095124
5.18,5.8990464038452695,0.7190464038452697
6.21,5.412038225525575,0.797961774474425
7.93,8.167932504525353,0.23793250452535375
6.69,6.854844351429447,0.16484435142944687
6.47610799251537,6.436666304863276,0.03944168765209444
6.74,6.563157418737235,0.17684258126276564
6.79,7.0425802454703055,0.25258024547030544
5.69,5.783160025918536,0.0931600259185359
6.72,6.626833310039951,0.09316668996004918
6.4,6.442174291354163,0.042174291354162285
6.83,6.858884008005576,0.028884008005576334
7.5,7.122468085794065,0.37753191420593524
7.79,7.9928690332457695,0.20286903324576944
5.78,4.8557102204368245,0.9242897795631757
5.91,5.960128585919868,0.05012858591986813
5.74,5.646168192242214,0.09383180775778666
6.12,6.025809317381898,0.09419068261810182
6.5,6.574989306149371,0.07498930614937116
7.06,6.989895927220791,0.07010407277920905
6.44,6.432715787660627,0.007284212339373042
6.71,7.304438068046387,0.5944380680463874
6.59,6.113324982405078,0.47667501759492215
6.58,6.825932472987546,0.24593247298754584
5.63,6.125889507396233,0.4958895073962335
6.92,6.576940897812537,0.34305910218746316
5.67,5.601417261263869,0.06858273873613108
6.55,5.9579095760139476,0.5920904239860523
6.71,6.718469509461461,0.0084695094614613
7.19,7.468366248334821,0.2783662483348204
6.02,7.1272581903180106,1.107258190318011
6.0,5.542183873403225,0.45781612659677506
6.32,6.624402964950277,0.30440296495027663
6.29,5.9015540280767524,0.3884459719232476
4.78,5.989197298687193,1.2091972986871928
7.01,6.530722516583519,0.4792774834164808
7.18,6.803054762480908,0.3769452375190916
8.78,8.586239131583998,0.19376086841600149
6.9,6.709207128439484,0.19079287156051628
6.2,5.687446973565548,0.5125530264344524
6.1,6.4169072881075655,0.31690728810756585
6.2,6.7362530715233,0.5362530715232996
6.19,5.582981916092798,0.6070180839072021
8.03,7.641654241942944,0.3883457580570555
5.8,6.2140016302609435,0.4140016302609437
3.41,5.13595038347018,1.7259503834701801
7.45,6.926380895158218,0.5236191048417824
7.94,7.948873155659899,0.008873155659898657
5.73,5.452722293628564,0.27727770637143667
6.89,5.842060963207027,1.0479390367929726
6.4,6.35747521200651,0.04252478799349024
5.52,5.72907271556809,0.20907271556809004
7.57,7.893398181335656,0.3233981813356559
8.27,7.794456687595826,0.4755433124041737
6.47,6.383922848516225,0.08607715148377437
7.5,7.081685615163242,0.41831438483675765
5.63,6.627489585752127,0.9974895857521275
8.16,7.763432402685735,0.39656759731426483
8.47,8.273551852692817,0.19644814730718352
6.99,6.450620173215107,0.5393798267848933
6.07,6.2725735159694125,0.2025735159694122
5.51,5.798674801338793,0.288674801338793
7.25,7.043108557649355,0.20689144235064472
7.41,6.55566510658239,0.8543348934176098
6.65,6.116381346546048,0.533618653453952
7.0,5.3987974954576625,1.6012025045423375
6.65,6.578184016620937,0.07181598337906347
5.58,5.106902827564468,0.47309717243553173
5.47,5.5320208826489905,0.06202088264899075
6.49,6.613276961011411,0.12327696101141061
6.0,5.995191722321061,0.004808277678939099
7.18,7.196940059251826,0.01694005925182651
7.29,7.348441388297391,0.05844138829739087
4.5,6.92529797450343,2.4252979745034304
7.64,7.757916171886105,0.11791617188610548
4.31,4.780008057729145,0.470008057729145
6.78,6.72894850099295,0.05105149900705008
6.85,6.796779920146076,0.05322007985392396
7.29,7.201457132862439,0.08854286713756121
6.75,6.982019624750155,0.23201962475015492
7.3,6.639557098945157,0.6604429010548429
7.0,6.713786656043818,0.2862133439561818
7.35,6.737863470379093,0.6121365296209067
6.18,5.761447749420655,0.41855225057934486
5.67,6.721069170947892,1.0510691709478923
6.79,6.843947946792404,0.053947946792403556
7.12,6.566324093413394,0.5536759065866059
7.2,6.536403294024118,0.6635967059758823
4.7,5.2020947972912905,0.5020947972912904
4.5,5.866329580856228,1.3663295808562284
7.0,6.915276006264136,0.0847239937358637
6.55,5.76070799493294,0.7892920050670602
6.62,6.401434223001029,0.21856577699897084
7.7,7.905260272720989,0.2052602727209889
6.38,6.601859372615729,0.22185937261572874
6.68,6.425691636769293,0.2543083632307068
7.16,7.490196567337107,0.330196567337107
6.86,5.678823523064562,1.1811764769354385
6.0,5.4378175375663815,0.5621824624336185
7.17,5.460288170909067,1.7097118290909332
5.11,6.403867270437213,1.2938672704372127
7.5,7.561211631978405,0.061211631978404846
6.85,6.503735205989944,0.3462647940100556
6.69,6.455990612633068,0.23400938736693266
5.66,5.440288633643167,0.21971136635683308
7.1,6.809072250943272,0.2909277490567277
5.04,6.059754383373688,1.0197543833736882
5.98,6.350891910193748,0.37089191019374734
7.52,7.630083437504551,0.11008343750455118
6.21,6.117052958301975,0.09294704169802515
7.94,7.669703277333801,0.270296722666199
7.27,7.298586567169319,0.028586567169319288
7.35,7.0630508256653854,0.2869491743346142
6.06,6.248339882615309,0.18833988261530976
6.33,5.749338282462663,0.5806617175373372
6.43,5.824279543830407,0.6057204561695926
8.07,7.959931786781718,0.1100682132182822
7.55,7.331878625865109,0.21812137413489108
7.81,7.186435841394706,0.6235641586052934
7.04,7.312952680101416,0.27295268010141616
7.13,6.214066835873211,0.9159331641267885
6.11,7.007051317134861,0.8970513171348609
9.06,8.542991304024934,0.5170086959750666
6.47,6.687586376165726,0.21758637616572596
6.47610799251537,6.314486137707511,0.1616218548078594
6.68,6.776670908400839,0.09667090840083947
6.92,5.274224272198613,1.6457757278013867
3.82,5.941818227739389,2.121818227739389
7.59,6.450681538053531,1.139318461946469
6.37,6.021525331296401,0.34847466870359867
6.77,6.500486585989346,0.2695134140106532
7.84,7.7573266321191605,0.08267336788083934
6.47610799251537,6.434803016405188,0.041304976110182245
5.89,6.347553091126596,0.4575530911265959
6.93,6.665735260160101,0.2642647398398985
5.68,5.778690751893446,0.09869075189344656
6.84,6.644168773366647,0.19583122663335306
7.83,7.721156360328805,0.10884363967119537
7.83,7.053789957529814,0.7762100424701863
6.68,6.870701576126479,0.19070157612647964
6.65,6.593109950571048,0.056890049428952594
5.64,5.2769340295388245,0.36306597046117517
5.69,5.505813550935023,0.1841864490649776
8.5,8.11005061236027,0.38994938763972975
6.83,6.796543923223371,0.03345607677662876
6.79,6.575701772676277,0.21429822732372283
7.5,6.920039002399513,0.5799609976004874
7.74,6.913313221568824,0.826686778431176
5.93,5.928734925337475,0.001265074662525123
7.08,6.968397682881802,0.1116023171181979
5.87,5.652446193207956,0.2175538067920444
7.53,7.352775705936953,0.17722429406304752
7.99,8.299416850857629,0.3094168508576285
6.71,4.9340135381013415,1.7759864618986585
6.72,6.593483345819297,0.12651665418070301
8.57,7.946203009838856,0.6237969901611446
6.36,6.327658722746945,0.03234127725305491
7.16,6.98999745144142,0.1700025485585801
6.0,5.563879088935096,0.43612091106490425
4.2,6.2254859712820325,2.0254859712820323
6.2,6.271269616818165,0.07126961681816457
7.59,6.649302603787219,0.9406973962127809
6.63,7.208239369684672,0.5782393696846722
7.6,7.882602335547155,0.2826023355471552
6.21,6.017826082255824,0.19217391774417614
6.64,7.377667004894106,0.7376670048941065
6.45,6.386006936529877,0.06399306347012335
7.6,6.90960684883607,0.6903931511639296
5.68,6.228830523914626,0.5488305239146261
6.1,5.409972042226965,0.6900279577730348
6.5,6.715480467871042,0.2154804678710418
5.77,6.308073578321851,0.5380735783218515
7.53,7.2404185473666995,0.2895814526333007
7.18,7.231704407084441,0.051704407084441684
7.53,6.840267718228294,0.6897322817717066
6.31,5.78880884720154,0.5211911527984592
6.59,6.6156875809868945,0.02568758098689461
6.2,6.468117787754633,0.26811778775463324
8.19,6.84131046998556,1.3486895300144397
6.56,7.028272544365131,0.46827254436513144
4.15,5.519628806448223,1.3696288064482225
7.2,7.252536331483878,0.052536331483877596
4.86,4.679268909097594,0.18073109090240624
7.04,7.133382611271909,0.09338261127190872
5.41,6.052715451571278,0.6427154515712781
5.06,5.300248059863161,0.24024805986316178
7.27,6.912468423250565,0.3575315767494347
5.62,6.0809058513262855,0.46090585132628537
8.09,7.531423607536066,0.5585763924639338
7.78,7.895442723080907,0.11544272308090697
6.22,6.450414714463573,0.2304147144635733
8.33,6.703305532957139,1.626694467042861
5.3,5.053194701508612,0.24680529849138821
5.67,5.698418529219345,0.028418529219345068
6.17,6.294930576083003,0.12493057608300351
5.51,6.189676244030126,0.6796762440301265
6.78,6.717619047580534,0.06238095241946606
5.45,5.916497436615077,0.4664974366150769
4.17,5.6906483404368835,1.5206483404368836
6.4,5.8424073114758945,0.5575926885241058
7.63,7.314239219802013,0.31576078019798715
6.24,5.547276822652896,0.6927231773471041
6.41,7.185817955850293,0.7758179558502931
6.34,6.171694089631347,0.1683059103686526
6.51,6.681307379323963,0.171307379323963
4.88,7.0480337954852095,2.1680337954852096
4.5,5.986343210342982,1.486343210342982
6.64,6.659369738829335,0.01936973882933568
4.5,7.703223897536433,3.203223897536433
6.47610799251537,5.937561931963796,0.5385460605515746
8.21,7.9713148908049085,0.23868510919509234
6.53,6.425482517574441,0.10451748242555947
7.16,7.332707065423899,0.17270706542389913
6.93,6.566547611328167,0.36345238867183305
7.05,6.94185880557168,0.10814119442831949
6.31,6.583202026658838,0.2732020266588382
6.71,5.974403106347351,0.7355968936526489
4.8,5.818498809835442,1.0184988098354424
7.32,7.088605509199271,0.2313944908007297
6.65,6.216034631216826,0.4339653687831744
6.58,6.839598724588444,0.2595987245884439
6.63,6.809284106624525,0.1792841066245252
6.51,6.507153833455584,0.002846166544415496
6.53,5.4584756692972025,1.0715243307027977
8.14,7.457819824336887,0.6821801756631132
5.95,5.899684440799727,0.050315559200273086
7.02,7.457241053157828,0.4372410531578286
6.9,5.961435367127661,0.9385646328723389
6.0,6.509927924452041,0.5099279244520414
7.0,6.274523839818061,0.7254761601819393
5.02,6.1535671132832706,1.133567113283271
8.06,7.927174758214406,0.13282524178559463
3.65,4.865363177639383,1.2153631776393827
5.28,4.481251931501236,0.7987480684987647
7.25,6.5433319999689115,0.7066680000310885
5.48,5.843712226437316,0.3637122264373156
7.9,7.72295598130408,0.1770440186959208
5.4,4.827424243011196,0.5725757569888046
7.43,7.80306483117389,0.37306483117389
6.47610799251537,7.351810355666385,0.8757023631510146
7.0,6.424018863863083,0.5759811361369174
5.5,6.178022139038113,0.6780221390381129
3.43,5.438805473231105,2.008805473231105
8.0,6.234101575648027,1.765898424351973
7.28,7.321384875003029,0.04138487500302901
3.85,4.440340738696385,0.5903407386963848
6.57,6.366734605752195,0.2032653942478051
6.3,6.434031482078943,0.13403148207894322
5.06,5.461754972842348,0.4017549728423484
6.8,6.4292924817356445,0.37070751826435533
6.85,6.818533468865444,0.031466531134555886
5.53,6.457865267613802,0.927865267613802
8.5,6.875526141332913,1.6244738586670868
6.97,6.566679774540999,0.4033202254590007
9.1,8.219183644538914,0.8808163554610857
7.01,6.663271348422212,0.34672865157778787
8.02,8.144039758053044,0.12403975805304412
7.32,6.65880409732483,0.6611959026751704
5.96,5.674449346735162,0.28555065326483753
6.75,6.537556047963879,0.21244395203612143
5.5,6.646302207815355,1.1463022078153546
7.73,7.476221259387854,0.25377874061214634
7.6,7.776826833360635,0.17682683336063576
6.7,5.749666592030915,0.9503334079690848
6.5,6.288691668978441,0.21130833102155933
6.92,6.900430262556633,0.01956973744336654
5.75,6.123173665806637,0.3731736658066369
6.51,6.497130034391695,0.012869965608304668
5.12,5.1474375944532085,0.02743759445320837
6.93,6.561880111335356,0.3681198886646433
6.95,7.100101312464908,0.15010131246490754
6.0,6.459857314399151,0.4598573143991507
7.76,7.548486667726004,0.21151333227399594
6.44,6.378971493720714,0.061028506279286354
7.48,7.580115280815827,0.10011528081582632
5.5,5.761362270736242,0.2613622707362424
6.18,6.1892553508830295,0.009255350883029756
6.75,6.245420726005244,0.5045792739947563
6.17,6.907856135435199,0.7378561354351989
5.25,5.774993398096468,0.5249933980964681
6.16,6.335715232490079,0.17571523249007903
5.74,5.904990647688969,0.16499064768896865
5.77,5.988086521909238,0.21808652190923805
7.7,7.489082017108328,0.2109179828916723
7.79,6.606243045204993,1.1837569547950073
4.79,5.742007325695633,0.9520073256956332
7.83,7.889159499063296,0.05915949906329576
5.83,6.314289826693507,0.48428982669350695
6.64,6.583934359496262,0.05606564050373741
6.47610799251537,6.074800903389387,0.4013070891259831
6.88,6.671589365629879,0.20841063437012064
6.73,5.80426645732961,0.9257335426703905
6.82,6.857359828723699,0.03735982872369892
5.7,5.657244449961318,0.04275555003868181
6.19,6.1904368221656325,0.0004368221656321225
6.36,6.361403836084167,0.0014038360841670539
5.08,5.5593006600324015,0.47930066003240146
5.2,5.692193459545839,0.49219345954583904
7.4,7.0866326482578135,0.3133673517421869
5.03,6.201312580458383,1.171312580458383
5.35,5.273345324042319,0.0766546759576805
5.77,5.736969718080081,0.033030281919918636
5.18,4.771630030808389,0.40836996919161095
7.85,7.682352861836469,0.16764713816353094
6.24,6.304988954465165,0.06498895446516517
6.01,6.464033814619514,0.454033814619514
7.22,7.133618607015253,0.08638139298474634
5.99,5.115558413312199,0.8744415866878015
7.6,7.528390526935926,0.07160947306407373
8.24,7.9687428048600175,0.2712571951399827
6.41,6.686868418682842,0.2768684186828416
6.77,6.05383329758405,0.7161667024159497
5.95,5.555561922909811,0.3944380770901894
4.8,5.9693609120622755,1.1693609120622757
7.65,7.188532365670422,0.46146763432957805
5.86,5.394777001743271,0.4652229982567295
8.75,5.580020261463097,3.1699797385369033
7.11,6.984939186472828,0.12506081352717224
7.37,7.234046251719203,0.1359537482807971
6.42,6.612396478258754,0.19239647825875394
6.54,6.09443331063004,0.4455666893699597
5.92,5.5392074474694635,0.38079255253053645
8.75,8.304257614079912,0.44574238592008797
5.15,5.510583027042241,0.36058302704224054
6.47610799251537,6.430753018399351,0.04535497411601952
7.04,6.877725716116179,0.16227428388382137
6.43,6.398270922498075,0.03172907750192433
6.5,6.216885415477363,0.2831145845226368
6.32,6.634123066030533,0.3141230660305325
5.57,4.885229651618473,0.6847703483815275
5.53,5.774787498072763,0.24478749807276312
6.59,6.760444637495041,0.17044463749504146
6.95,6.9862504073524265,0.03625040735242635
6.5,6.041776201672041,0.4582237983279587
6.49,7.111398053186859,0.6213980531868586
5.96,5.9244768021706244,0.03552319782937552
7.49,7.003883598561724,0.4861164014382764
7.91,7.794423938550838,0.1155760614491621
7.08,7.3253410125236655,0.24534101252366547
6.08,5.948903106794527,0.13109689320547346
7.47,7.758859229550302,0.28885922955030185
6.69,6.530144237118311,0.15985576288168968
6.44,6.713702797781483,0.27370279778148277
5.1,5.913546149007402,0.8135461490074025
5.75,6.37952463782496,0.6295246378249599
7.14,7.30345139465242,0.1634513946524203
7.54,7.592134455686559,0.05213445568655928
5.14,6.170209119596512,1.0302091195965124
7.71,7.0007487422524255,0.7092512577475745
8.0,6.20927405558754,1.7907259444124604
6.14,5.532191601707999,0.6078083982920006
5.6,5.448231059148702,0.15176894085129788
7.44,7.413136420375455,0.02686357962454533
7.67,7.697783547256546,0.027783547256546193
5.8,5.915287088524694,0.1152870885246946
7.57,7.8298319705543555,0.25983197055435525
7.88,7.5155585097735695,0.36444149022643035
7.9,7.083209605158504,0.8167903948414965
5.62,6.602010337232342,0.9820103372323423
7.11,7.025785444488875,0.08421455551112533
7.27,6.879375870341637,0.390624129658363
6.8,6.939961885264484,0.1399618852644844
6.73,6.386974874204091,0.3430251257959096
5.05,6.188820545431552,1.1388205454315523
7.25,6.743617682695194,0.5063823173048059
6.07,5.872805611600479,0.19719438839952108
7.14,6.8796579045117365,0.26034209548826315
6.12,6.048829218458836,0.07117078154116374
7.26,7.31093136197947,0.05093136197946979
7.41,7.339806512539109,0.07019348746089094
6.87,7.096251705006156,0.2262517050061561
6.54,6.1793300911384925,0.3606699088615075
6.73,6.866422359917279,0.1364223599172787
8.55,7.688868074963931,0.8611319250360694
6.69,6.519973740306361,0.17002625969363905
5.11,5.37848999811825,0.26848999811825003
4.98,5.476868969417248,0.4968689694172479
6.61,6.471892782702342,0.13810721729765874
7.41,6.803410954519136,0.606589045480864
6.38,5.781120372132632,0.598879627867368
8.5,7.90084506141314,0.5991549385868602
7.29,7.097407487168322,0.1925925128316779
4.49,5.607059398375254,1.117059398375254
5.0,5.459444072952016,0.4594440729520164
7.85,7.301366903137614,0.5486330968623854
7.66,7.21493829006544,0.44506170993455996
5.59,5.6129519161264705,0.02295191612647063
5.94,6.756198236598288,0.8161982365982876
7.33,6.900233403904785,0.42976659609521484
7.37,6.667764193639681,0.7022358063603189
6.49,6.791962145675853,0.3019621456758532
7.02,5.920116402654201,1.0998835973457988
6.04,6.279652050241763,0.23965205024176317
7.49,7.3969330520266885,0.09306694797331172
6.44,6.5611147763398385,0.12111477633983814
5.0,6.6461109915858545,1.6461109915858545
5.87,5.6255026880882255,0.2444973119117746
6.59,6.694171843917283,0.10417184391728274
7.12,7.170857539317954,0.05085753931795356
7.28,6.432410919224555,0.8475890807754451
6.75,6.476679805821669,0.2733201941783312
7.5,6.729465607997398,0.7705343920026024
7.58,8.077453667182674,0.4974536671826737
8.32,8.521430386115199,0.2014303861151987
3.89,5.115437802786356,1.2254378027863555
5.08,4.148831745169865,0.9311682548301352
7.14,6.959414722930415,0.18058527706958483
7.56,7.67471211824299,0.11471211824299044
7.24,7.0230805843968005,0.21691941560319972
6.68,6.862514523712584,0.1825145237125847
4.52,5.973361118759529,1.4533611187595294
6.43,5.922941990159177,0.507058009840823
4.0,5.216888032889571,1.216888032889571
7.13,6.933273446508976,0.19672655349102364
8.09,7.80965408292297,0.28034591707702994
6.04,6.591777474239941,0.5517774742399411
7.61,6.859107828521938,0.7508921714780623
6.59,6.38824335615474,0.20175664384526026
3.92,3.5743205903630235,0.3456794096369764
6.75,7.149070570543797,0.39907057054379713
7.57,7.455546943028235,0.11445305697176522
6.33,5.826562661189085,0.5034373388109152
7.16,7.438794940369779,0.2787949403697789
7.13,6.9225401518583745,0.20745984814162544
5.47,5.567076156995532,0.09707615699553251
7.25,7.098273963955961,0.1517260360440389
5.57,5.564854295440637,0.005145704559363473
6.65,5.85686923123246,0.79313076876754
7.03,7.061038148041319,0.031038148041318436
6.25,6.468194601176865,0.21819460117686518
7.05,7.00044931407532,0.049550685924679705
6.37,6.405402821919235,0.03540282191923527
6.23,7.053155830201907,0.8231558302019062
5.27,5.956894441431421,0.6868944414314218
7.96,7.712690178585738,0.2473098214142624
4.88,5.781426476784295,0.9014264767842954
7.26,7.350154621183789,0.09015462118378892
5.71,5.895838171167245,0.18583817116724521
6.47610799251537,6.568645122420353,0.09253712990498286
6.81,6.844621006559488,0.03462100655948852
5.72,5.841015603520894,0.12101560352089447
6.36,6.773623598540748,0.4136235985407479
6.52,5.976836546983556,0.5431634530164438
7.25,6.598027121606427,0.6519728783935728
8.4,8.49816502570426,0.09816502570425989
7.9,5.843291513012613,2.0567084869873877
6.69,7.163820329460929,0.47382032946092867
6.75,5.4766300134002375,1.2733699865997625
6.44,6.151204978999921,0.28879502100007937
6.58,6.754354657336716,0.17435465733671585
5.46,6.176493493687669,0.7164934936876692
4.23,5.619745022815713,1.3897450228157124
6.55,6.7916900520691,0.24169005206910033
5.35,6.264474119601182,0.9144741196011825
6.5,6.743058039366742,0.2430580393667423
7.8,7.5139796301642585,0.2860203698357413
7.27,7.194166806922888,0.0758331930771119
6.78,6.848489476595374,0.06848947659537341
6.79,6.960024589150272,0.1700245891502723
6.47,6.665471580405481,0.1954715804054814
7.33,7.109855025565419,0.22014497443458136
5.12,5.686535596734897,0.5665355967348971
5.43,5.839083940678464,0.4090839406784639
6.74,6.848155385706449,0.108155385706449
8.05,8.161083815370844,0.11108381537084355
5.63,5.430011412461799,0.1999885875382006
7.4,6.636181232590853,0.7638187674091474
6.4,5.9978268068356515,0.40217319316434885
6.7,6.682996846343544,0.017003153656456327
4.95,5.345155285005902,0.39515528500590147
8.13,7.832226362583554,0.297773637416447
6.83,7.003761280251084,0.1737612802510835
5.62,6.286104128216343,0.6661041282163431
5.8,5.733618276004671,0.06638172399532838
6.6,5.487574457690703,1.112425542309297
6.81,6.680763553954838,0.12923644604516138
7.05,6.732952873092646,0.3170471269073536
5.8,5.945722257483789,0.14572225748378909
6.51,6.160599128098343,0.3494008719016568
4.4,3.8923518966515647,0.5076481033484357
5.0,5.952409715553283,0.9524097155532827
6.23,5.94302403010195,0.28697596989805074
6.2,6.0959116463985845,0.10408835360141566
7.73,7.066963837259572,0.6630361627404282
6.2,6.262467135854508,0.062467135854507916
5.44,5.6001154065131455,0.16011540651314515
7.45,7.545919271784498,0.09591927178449744
6.75,6.193036602298467,0.5569633977015327
6.1,6.2473964880809465,0.14739648808094685
6.83,5.926180915143069,0.9038190848569307
7.39,6.595467308784324,0.794532691215676
4.31,4.242012550364548,0.067987449635452
3.73,4.541591265736098,0.8115912657360984
6.15,6.081616388734303,0.06838361126569747
3.33,4.4675731496415665,1.1375731496415664
7.8,7.189699573021438,0.6103004269785615
6.0,6.032185361531922,0.03218536153192186
7.61,7.601148462165172,0.008851537834828171
7.47,7.48040736071388,0.010407360713879932
6.46,6.549536679665709,0.08953667966570933
6.73,6.490843436168372,0.23915656383162887
7.17,7.11458577988841,0.05541422011159014
5.72,5.897284199754054,0.1772841997540544
6.6,6.644047546237909,0.044047546237909074
6.64,7.066060470536105,0.42606047053610574
7.25,7.442296492860622,0.19229649286062234
6.66,6.870388662160214,0.2103886621602138
7.29,6.535748742850255,0.7542512571497451
7.15,7.614703886735902,0.4647038867359017
5.7,5.401053691540532,0.29894630845946857
5.82,5.344486229691916,0.4755137703080843
6.55,6.12843555823037,0.4215644417696298
7.07,6.952845340270455,0.11715465972954497
5.9,5.684299936360202,0.21570006363979832
5.41,5.860065625880867,0.4500656258808666
6.46,6.394057089769344,0.0659429102306559
5.83,5.1027021937269526,0.7272978062730475
5.86,6.021759900630939,0.1617599006309387
7.01,6.823615988809835,0.18638401119016468
6.24,6.742124798335736,0.5021247983357355
5.5,5.815472914611819,0.3154729146118189
4.86,6.097512041289638,1.237512041289638
6.38,6.141746837799477,0.23825316220052262
6.91,6.9882875267857445,0.07828752678574435
7.42,7.147085469232862,0.2729145307671379
6.82,7.216885635142928,0.39688563514292774
6.52,6.516342023451707,0.003657976548292474
7.3,4.7561071886708275,2.5438928113291723
4.17,5.25021207084042,1.0802120708404201
7.38,7.349929596288983,0.03007040371101688
6.64,7.098959417382881,0.45895941738288126
7.28,7.307126895049227,0.027126895049226718
5.35,5.5210928788063,0.17109287880630042
6.75,7.199821803771114,0.4498218037711137
8.67,6.571572561943879,2.098427438056121
6.48,6.667516887315456,0.18751688731545535
5.31,5.914205547984532,0.6042055479845327
7.02,7.204517214546552,0.18451721454655257
6.79,6.505249440371696,0.2847505596283044
7.31,6.868317242420959,0.4416827575790405
6.58,6.3630066912293275,0.21699330877067258
6.0,5.774422026326951,0.22557797367304921
5.81,6.517426321369775,0.7074263213697751
6.75,7.300533076600456,0.5505330766004564
7.94,7.662886345956888,0.27711365404311206
6.47610799251537,6.373794124465471,0.10231386804989917
5.13,5.894878103000409,0.7648781030004095
5.36,5.608393157704212,0.24839315770421155
6.81,6.5342877908422405,0.27571220915775907
8.04,7.819349066595842,0.22065093340415753
7.33,7.338054296818103,0.00805429681810299
6.0,5.547275778770032,0.4527242212299676
6.47610799251537,5.8459717716976325,0.6301362208177377
6.86,6.692001441362514,0.16799855863748636
3.0,5.079777659130972,2.079777659130972
6.7,6.544431565498297,0.15556843450170277
7.59,6.969442051441904,0.6205579485580959
6.43,6.813109691552231,0.3831096915522316
5.58,5.88976956485108,0.30976956485107987
6.79,7.4567516638500475,0.6667516638500475
